TAG_DESC,EVENT_VALUE,TAG_ID,EVENT_TIME
System_Efficiency, 95.3,1503610.0,2020-01-16
Diverted,6570.6,1503611.0,2020-01-16
Delivered, 6263.1,1503612.0,2020-01-16
Evaporative_loss, 54.3,1503613.0,2020-01-16
Rainfall, 25.7,1503614.0,2020-01-16
Seepage_loss, not yet implemented,1503615.0,2020-01-16
Unaccounted_loss, 279.0,1503616.0,2020-01-16
RTU_totaliser,3.347,1503618.0,2020-01-16
Flow_integral,3.455,1503619.0,2020-01-16
Manual_reading,,1503620.0,2020-01-16
RTU_totaliser,,1503621.0,2020-01-16
Flow_integral,,1503622.0,2020-01-16
Manual_reading,0.0,1503623.0,2020-01-16
RTU_totaliser,,1503624.0,2020-01-16
Flow_integral,,1503625.0,2020-01-16
Manual_reading,0.0,1503626.0,2020-01-16
RTU_totaliser,1.994,1503627.0,2020-01-16
Flow_integral,3.5460000000000003,1503628.0,2020-01-16
Manual_reading,,1503629.0,2020-01-16
RTU_totaliser,,1503630.0,2020-01-16
Flow_integral,,1503631.0,2020-01-16
Manual_reading,0.0,1503632.0,2020-01-16
RTU_totaliser,1.314,1503633.0,2020-01-16
Flow_integral,1.9809999999999999,1503634.0,2020-01-16
Manual_reading,,1503635.0,2020-01-16
RTU_totaliser,0.02,1503636.0,2020-01-16
Flow_integral,2.166,1503637.0,2020-01-16
Manual_reading,,1503638.0,2020-01-16
RTU_totaliser,0.002,1503639.0,2020-01-16
Flow_integral,1.2670000000000001,1503640.0,2020-01-16
Manual_reading,,1503641.0,2020-01-16
RTU_totaliser,28.774,1503642.0,2020-01-16
Flow_integral,24.52,1503643.0,2020-01-16
Manual_reading,,1503644.0,2020-01-16
RTU_totaliser,0.0,1503645.0,2020-01-16
Flow_integral,0.0,1503646.0,2020-01-16
Manual_reading,,1503647.0,2020-01-16
RTU_totaliser,0.0,1503648.0,2020-01-16
Flow_integral,0.0,1503649.0,2020-01-16
Manual_reading,,1503650.0,2020-01-16
RTU_totaliser,0.0,1503651.0,2020-01-16
Flow_integral,0.0,1503652.0,2020-01-16
Manual_reading,,1503653.0,2020-01-16
RTU_totaliser,5.0,1503654.0,2020-01-16
Flow_integral,7.593999999999999,1503655.0,2020-01-16
Manual_reading,,1503656.0,2020-01-16
RTU_totaliser,11.87,1503657.0,2020-01-16
Flow_integral,14.969000000000001,1503658.0,2020-01-16
Manual_reading,,1503659.0,2020-01-16
RTU_totaliser,,1503660.0,2020-01-16
Flow_integral,,1503661.0,2020-01-16
Manual_reading,0.0,1503662.0,2020-01-16
RTU_totaliser,0.0,1503663.0,2020-01-16
Flow_integral,0.0,1503664.0,2020-01-16
Manual_reading,,1503665.0,2020-01-16
RTU_totaliser,,1503666.0,2020-01-16
Flow_integral,,1503667.0,2020-01-16
Manual_reading,0.0,1503668.0,2020-01-16
RTU_totaliser,0.0,1503669.0,2020-01-16
Flow_integral,0.0,1503670.0,2020-01-16
Manual_reading,,1503671.0,2020-01-16
RTU_totaliser,,1503672.0,2020-01-16
Flow_integral,,1503673.0,2020-01-16
Manual_reading,0.0,1503674.0,2020-01-16
RTU_totaliser,,1503675.0,2020-01-16
Flow_integral,,1503676.0,2020-01-16
Manual_reading,0.0,1503677.0,2020-01-16
RTU_totaliser,12.798,1503678.0,2020-01-16
Flow_integral,13.877,1503679.0,2020-01-16
Manual_reading,,1503680.0,2020-01-16
RTU_totaliser,0.0,1503681.0,2020-01-16
Flow_integral,0.0,1503682.0,2020-01-16
Manual_reading,,1503683.0,2020-01-16
RTU_totaliser,,1503684.0,2020-01-16
Flow_integral,,1503685.0,2020-01-16
Manual_reading,0.0,1503686.0,2020-01-16
RTU_totaliser,0.0,1503687.0,2020-01-16
Flow_integral,0.17800000000000002,1503688.0,2020-01-16
Manual_reading,,1503689.0,2020-01-16
RTU_totaliser,,1503690.0,2020-01-16
Flow_integral,,1503691.0,2020-01-16
Manual_reading,0.0,1503692.0,2020-01-16
RTU_totaliser,0.035,1503693.0,2020-01-16
Flow_integral,3.156,1503694.0,2020-01-16
Manual_reading,,1503695.0,2020-01-16
RTU_totaliser,1.6,1503696.0,2020-01-16
Flow_integral,2.734,1503697.0,2020-01-16
Manual_reading,,1503698.0,2020-01-16
RTU_totaliser,4.988,1503699.0,2020-01-16
Flow_integral,7.544,1503700.0,2020-01-16
Manual_reading,,1503701.0,2020-01-16
RTU_totaliser,8.873,1503702.0,2020-01-16
Flow_integral,12.29,1503703.0,2020-01-16
Manual_reading,,1503704.0,2020-01-16
RTU_totaliser,4.099,1503705.0,2020-01-16
Flow_integral,6.154,1503706.0,2020-01-16
Manual_reading,,1503707.0,2020-01-16
RTU_totaliser,3.154,1503708.0,2020-01-16
Flow_integral,3.0,1503709.0,2020-01-16
Manual_reading,,1503710.0,2020-01-16
RTU_totaliser,0.0,1503711.0,2020-01-16
Flow_integral,0.0,1503712.0,2020-01-16
Manual_reading,,1503713.0,2020-01-16
RTU_totaliser,9.628,1503714.0,2020-01-16
Flow_integral,12.615,1503715.0,2020-01-16
Manual_reading,,1503716.0,2020-01-16
RTU_totaliser,0.0,1503717.0,2020-01-16
Flow_integral,0.0,1503718.0,2020-01-16
Manual_reading,,1503719.0,2020-01-16
RTU_totaliser,6.265,1503720.0,2020-01-16
Flow_integral,7.559,1503721.0,2020-01-16
Manual_reading,,1503722.0,2020-01-16
RTU_totaliser,0.0,1503723.0,2020-01-16
Flow_integral,0.0,1503724.0,2020-01-16
Manual_reading,,1503725.0,2020-01-16
RTU_totaliser,6.186,1503726.0,2020-01-16
Flow_integral,7.591,1503727.0,2020-01-16
Manual_reading,,1503728.0,2020-01-16
RTU_totaliser,8.5,1503729.0,2020-01-16
Flow_integral,13.542,1503730.0,2020-01-16
Manual_reading,,1503731.0,2020-01-16
RTU_totaliser,4.8,1503732.0,2020-01-16
Flow_integral,7.392,1503733.0,2020-01-16
Manual_reading,,1503734.0,2020-01-16
RTU_totaliser,6.138,1503735.0,2020-01-16
Flow_integral,6.834,1503736.0,2020-01-16
Manual_reading,,1503737.0,2020-01-16
RTU_totaliser,8.798,1503738.0,2020-01-16
Flow_integral,10.508,1503739.0,2020-01-16
Manual_reading,,1503740.0,2020-01-16
RTU_totaliser,0.006,1503741.0,2020-01-16
Flow_integral,0.0,1503742.0,2020-01-16
Manual_reading,,1503743.0,2020-01-16
RTU_totaliser,,1503744.0,2020-01-16
Flow_integral,,1503745.0,2020-01-16
Manual_reading,0.0,1503746.0,2020-01-16
RTU_totaliser,5.295,1503747.0,2020-01-16
Flow_integral,6.56,1503748.0,2020-01-16
Manual_reading,,1503749.0,2020-01-16
RTU_totaliser,7.9270000000000005,1503750.0,2020-01-16
Flow_integral,7.207999999999999,1503751.0,2020-01-16
Manual_reading,,1503752.0,2020-01-16
RTU_totaliser,0.0,1503753.0,2020-01-16
Flow_integral,0.0,1503754.0,2020-01-16
Manual_reading,,1503755.0,2020-01-16
RTU_totaliser,7.902,1503756.0,2020-01-16
Flow_integral,12.386,1503757.0,2020-01-16
Manual_reading,,1503758.0,2020-01-16
RTU_totaliser,4.984,1503759.0,2020-01-16
Flow_integral,5.709,1503760.0,2020-01-16
Manual_reading,,1503761.0,2020-01-16
RTU_totaliser,,1503762.0,2020-01-16
Flow_integral,,1503763.0,2020-01-16
Manual_reading,0.0,1503764.0,2020-01-16
RTU_totaliser,20.566999999999997,1503765.0,2020-01-16
Flow_integral,19.198,1503766.0,2020-01-16
Manual_reading,,1503767.0,2020-01-16
RTU_totaliser,,1503768.0,2020-01-16
Flow_integral,,1503769.0,2020-01-16
Manual_reading,0.0,1503770.0,2020-01-16
RTU_totaliser,10.049,1503771.0,2020-01-16
Flow_integral,13.468,1503772.0,2020-01-16
Manual_reading,,1503773.0,2020-01-16
RTU_totaliser,6.881,1503774.0,2020-01-16
Flow_integral,12.187999999999999,1503775.0,2020-01-16
Manual_reading,,1503776.0,2020-01-16
RTU_totaliser,0.644,1503777.0,2020-01-16
Flow_integral,7.711,1503778.0,2020-01-16
Manual_reading,,1503779.0,2020-01-16
RTU_totaliser,0.359,1503780.0,2020-01-16
Flow_integral,0.122,1503781.0,2020-01-16
Manual_reading,,1503782.0,2020-01-16
RTU_totaliser,,1503783.0,2020-01-16
Flow_integral,,1503784.0,2020-01-16
Manual_reading,0.0,1503785.0,2020-01-16
RTU_totaliser,0.767,1503786.0,2020-01-16
Flow_integral,2.0069999999999997,1503787.0,2020-01-16
Manual_reading,,1503788.0,2020-01-16
RTU_totaliser,13.462,1503789.0,2020-01-16
Flow_integral,16.67,1503790.0,2020-01-16
Manual_reading,,1503791.0,2020-01-16
RTU_totaliser,,1503792.0,2020-01-16
Flow_integral,,1503793.0,2020-01-16
Manual_reading,0.0,1503794.0,2020-01-16
RTU_totaliser,4.225,1503795.0,2020-01-16
Flow_integral,5.242999999999999,1503796.0,2020-01-16
Manual_reading,,1503797.0,2020-01-16
RTU_totaliser,8.766,1503798.0,2020-01-16
Flow_integral,9.751,1503799.0,2020-01-16
Manual_reading,,1503800.0,2020-01-16
RTU_totaliser,11.128,1503801.0,2020-01-16
Flow_integral,12.92,1503802.0,2020-01-16
Manual_reading,,1503803.0,2020-01-16
RTU_totaliser,0.002,1503804.0,2020-01-16
Flow_integral,0.0,1503805.0,2020-01-16
Manual_reading,,1503806.0,2020-01-16
RTU_totaliser,8.1,1503807.0,2020-01-16
Flow_integral,7.894,1503808.0,2020-01-16
Manual_reading,,1503809.0,2020-01-16
RTU_totaliser,32.084,1503810.0,2020-01-16
Flow_integral,37.88,1503811.0,2020-01-16
Manual_reading,,1503812.0,2020-01-16
RTU_totaliser,0.263,1503813.0,2020-01-16
Flow_integral,0.26,1503814.0,2020-01-16
Manual_reading,,1503815.0,2020-01-16
RTU_totaliser,0.0,1503816.0,2020-01-16
Flow_integral,0.0,1503817.0,2020-01-16
Manual_reading,,1503818.0,2020-01-16
RTU_totaliser,,1503819.0,2020-01-16
Flow_integral,,1503820.0,2020-01-16
Manual_reading,0.0,1503821.0,2020-01-16
RTU_totaliser,,1503822.0,2020-01-16
Flow_integral,,1503823.0,2020-01-16
Manual_reading,0.0,1503824.0,2020-01-16
RTU_totaliser,,1503825.0,2020-01-16
Flow_integral,,1503826.0,2020-01-16
Manual_reading,0.0,1503827.0,2020-01-16
RTU_totaliser,4.9,1503828.0,2020-01-16
Flow_integral,8.471,1503829.0,2020-01-16
Manual_reading,,1503830.0,2020-01-16
RTU_totaliser,41.942,1503831.0,2020-01-16
Flow_integral,40.086999999999996,1503832.0,2020-01-16
Manual_reading,,1503833.0,2020-01-16
RTU_totaliser,15.7,1503834.0,2020-01-16
Flow_integral,14.885,1503835.0,2020-01-16
Manual_reading,,1503836.0,2020-01-16
RTU_totaliser,10.2,1503837.0,2020-01-16
Flow_integral,11.887,1503838.0,2020-01-16
Manual_reading,,1503839.0,2020-01-16
RTU_totaliser,0.0,1503840.0,2020-01-16
Flow_integral,0.0,1503841.0,2020-01-16
Manual_reading,,1503842.0,2020-01-16
RTU_totaliser,0.0,1503843.0,2020-01-16
Flow_integral,0.0,1503844.0,2020-01-16
Manual_reading,,1503845.0,2020-01-16
RTU_totaliser,0.7,1503846.0,2020-01-16
Flow_integral,3.696,1503847.0,2020-01-16
Manual_reading,,1503848.0,2020-01-16
RTU_totaliser,,1503849.0,2020-01-16
Flow_integral,,1503850.0,2020-01-16
Manual_reading,0.0,1503851.0,2020-01-16
RTU_totaliser,167.13099999999997,1503852.0,2020-01-16
Flow_integral,167.62400000000002,1503853.0,2020-01-16
Manual_reading,,1503854.0,2020-01-16
RTU_totaliser,10.1,1503855.0,2020-01-16
Flow_integral,10.259,1503856.0,2020-01-16
Manual_reading,,1503857.0,2020-01-16
RTU_totaliser,,1503858.0,2020-01-16
Flow_integral,,1503859.0,2020-01-16
Manual_reading,0.0,1503860.0,2020-01-16
RTU_totaliser,2.931,1503861.0,2020-01-16
Flow_integral,1.7630000000000001,1503862.0,2020-01-16
Manual_reading,,1503863.0,2020-01-16
RTU_totaliser,,1503864.0,2020-01-16
Flow_integral,,1503865.0,2020-01-16
Manual_reading,,1503866.0,2020-01-16
RTU_totaliser,0.0,1503867.0,2020-01-16
Flow_integral,0.0,1503868.0,2020-01-16
Manual_reading,,1503869.0,2020-01-16
RTU_totaliser,3.3,1503870.0,2020-01-16
Flow_integral,4.945,1503871.0,2020-01-16
Manual_reading,,1503872.0,2020-01-16
RTU_totaliser,,1503873.0,2020-01-16
Flow_integral,,1503874.0,2020-01-16
Manual_reading,0.0,1503875.0,2020-01-16
RTU_totaliser,,1503876.0,2020-01-16
Flow_integral,,1503877.0,2020-01-16
Manual_reading,0.0,1503878.0,2020-01-16
RTU_totaliser,1.4,1503879.0,2020-01-16
Flow_integral,2.835,1503880.0,2020-01-16
Manual_reading,,1503881.0,2020-01-16
RTU_totaliser,1.8,1503882.0,2020-01-16
Flow_integral,1.791,1503883.0,2020-01-16
Manual_reading,,1503884.0,2020-01-16
RTU_totaliser,,1503885.0,2020-01-16
Flow_integral,,1503886.0,2020-01-16
Manual_reading,0.0,1503887.0,2020-01-16
RTU_totaliser,0.0,1503888.0,2020-01-16
Flow_integral,0.917,1503889.0,2020-01-16
Manual_reading,,1503890.0,2020-01-16
RTU_totaliser,21.7,1503891.0,2020-01-16
Flow_integral,23.502,1503892.0,2020-01-16
Manual_reading,,1503893.0,2020-01-16
RTU_totaliser,49.3,1503894.0,2020-01-16
Flow_integral,48.56100000000001,1503895.0,2020-01-16
Manual_reading,,1503896.0,2020-01-16
RTU_totaliser,,1503897.0,2020-01-16
Flow_integral,,1503898.0,2020-01-16
Manual_reading,,1503899.0,2020-01-16
RTU_totaliser,0.0,1503900.0,2020-01-16
Flow_integral,0.0,1503901.0,2020-01-16
Manual_reading,,1503902.0,2020-01-16
RTU_totaliser,,1503903.0,2020-01-16
Flow_integral,,1503904.0,2020-01-16
Manual_reading,0.0,1503905.0,2020-01-16
RTU_totaliser,,1503906.0,2020-01-16
Flow_integral,,1503907.0,2020-01-16
Manual_reading,0.0,1503908.0,2020-01-16
RTU_totaliser,0.0,1503909.0,2020-01-16
Flow_integral,0.0,1503910.0,2020-01-16
Manual_reading,,1503911.0,2020-01-16
RTU_totaliser,0.005,1503912.0,2020-01-16
Flow_integral,0.23399999999999999,1503913.0,2020-01-16
Manual_reading,,1503914.0,2020-01-16
RTU_totaliser,0.0,1503915.0,2020-01-16
Flow_integral,0.0,1503916.0,2020-01-16
Manual_reading,,1503917.0,2020-01-16
RTU_totaliser,,1503918.0,2020-01-16
Flow_integral,,1503919.0,2020-01-16
Manual_reading,1.9,1503920.0,2020-01-16
RTU_totaliser,0.0,1503921.0,2020-01-16
Flow_integral,0.0,1503922.0,2020-01-16
Manual_reading,,1503923.0,2020-01-16
RTU_totaliser,10.054,1503924.0,2020-01-16
Flow_integral,10.667,1503925.0,2020-01-16
Manual_reading,,1503926.0,2020-01-16
RTU_totaliser,0.0,1503927.0,2020-01-16
Flow_integral,0.0,1503928.0,2020-01-16
Manual_reading,,1503929.0,2020-01-16
RTU_totaliser,0.0,1503930.0,2020-01-16
Flow_integral,0.0,1503931.0,2020-01-16
Manual_reading,,1503932.0,2020-01-16
RTU_totaliser,21.464000000000002,1503933.0,2020-01-16
Flow_integral,22.525,1503934.0,2020-01-16
Manual_reading,,1503935.0,2020-01-16
RTU_totaliser,37.714,1503936.0,2020-01-16
Flow_integral,37.571,1503937.0,2020-01-16
Manual_reading,,1503938.0,2020-01-16
RTU_totaliser,0.006999999999999999,1503939.0,2020-01-16
Flow_integral,0.185,1503940.0,2020-01-16
Manual_reading,,1503941.0,2020-01-16
RTU_totaliser,40.599000000000004,1503942.0,2020-01-16
Flow_integral,42.042,1503943.0,2020-01-16
Manual_reading,,1503944.0,2020-01-16
RTU_totaliser,13.907,1503945.0,2020-01-16
Flow_integral,16.511,1503946.0,2020-01-16
Manual_reading,,1503947.0,2020-01-16
RTU_totaliser,12.582,1503948.0,2020-01-16
Flow_integral,12.94,1503949.0,2020-01-16
Manual_reading,,1503950.0,2020-01-16
RTU_totaliser,0.0,1503951.0,2020-01-16
Flow_integral,0.0,1503952.0,2020-01-16
Manual_reading,,1503953.0,2020-01-16
RTU_totaliser,0.0,1503954.0,2020-01-16
Flow_integral,0.0,1503955.0,2020-01-16
Manual_reading,,1503956.0,2020-01-16
RTU_totaliser,0.0,1503957.0,2020-01-16
Flow_integral,0.0,1503958.0,2020-01-16
Manual_reading,,1503959.0,2020-01-16
RTU_totaliser,0.001,1503960.0,2020-01-16
Flow_integral,0.0,1503961.0,2020-01-16
Manual_reading,,1503962.0,2020-01-16
RTU_totaliser,,1503963.0,2020-01-16
Flow_integral,,1503964.0,2020-01-16
Manual_reading,0.0,1503965.0,2020-01-16
RTU_totaliser,0.0,1503966.0,2020-01-16
Flow_integral,0.0,1503967.0,2020-01-16
Manual_reading,,1503968.0,2020-01-16
RTU_totaliser,0.0,1503969.0,2020-01-16
Flow_integral,0.0,1503970.0,2020-01-16
Manual_reading,,1503971.0,2020-01-16
RTU_totaliser,204.175,1503972.0,2020-01-16
Flow_integral,201.442,1503973.0,2020-01-16
Manual_reading,,1503974.0,2020-01-16
RTU_totaliser,2.853,1503975.0,2020-01-16
Flow_integral,3.009,1503976.0,2020-01-16
Manual_reading,,1503977.0,2020-01-16
RTU_totaliser,0.0,1503978.0,2020-01-16
Flow_integral,0.0,1503979.0,2020-01-16
Manual_reading,,1503980.0,2020-01-16
RTU_totaliser,,1503981.0,2020-01-16
Flow_integral,,1503982.0,2020-01-16
Manual_reading,0.0,1503983.0,2020-01-16
RTU_totaliser,15.513,1503984.0,2020-01-16
Flow_integral,13.584000000000001,1503985.0,2020-01-16
Manual_reading,,1503986.0,2020-01-16
RTU_totaliser,,1503987.0,2020-01-16
Flow_integral,,1503988.0,2020-01-16
Manual_reading,,1503989.0,2020-01-16
RTU_totaliser,,1503990.0,2020-01-16
Flow_integral,,1503991.0,2020-01-16
Manual_reading,0.0,1503992.0,2020-01-16
RTU_totaliser,,1503993.0,2020-01-16
Flow_integral,,1503994.0,2020-01-16
Manual_reading,0.0,1503995.0,2020-01-16
RTU_totaliser,,1503996.0,2020-01-16
Flow_integral,,1503997.0,2020-01-16
Manual_reading,19.7,1503998.0,2020-01-16
RTU_totaliser,,1503999.0,2020-01-16
Flow_integral,,1504000.0,2020-01-16
Manual_reading,2.5,1504001.0,2020-01-16
RTU_totaliser,,1504002.0,2020-01-16
Flow_integral,,1504003.0,2020-01-16
Manual_reading,8.3,1504004.0,2020-01-16
RTU_totaliser,0.0,1504005.0,2020-01-16
Flow_integral,0.0,1504006.0,2020-01-16
Manual_reading,,1504007.0,2020-01-16
RTU_totaliser,290.009,1504008.0,2020-01-16
Flow_integral,282.99,1504009.0,2020-01-16
Manual_reading,,1504010.0,2020-01-16
RTU_totaliser,,1504011.0,2020-01-16
Flow_integral,,1504012.0,2020-01-16
Manual_reading,52.8,1504013.0,2020-01-16
RTU_totaliser,,1504014.0,2020-01-16
Flow_integral,,1504015.0,2020-01-16
Manual_reading,0.0,1504016.0,2020-01-16
RTU_totaliser,,1504017.0,2020-01-16
Flow_integral,,1504018.0,2020-01-16
Manual_reading,0.0,1504019.0,2020-01-16
RTU_totaliser,,1504020.0,2020-01-16
Flow_integral,,1504021.0,2020-01-16
Manual_reading,0.0,1504022.0,2020-01-16
RTU_totaliser,10.006,1504023.0,2020-01-16
Flow_integral,12.859000000000002,1504024.0,2020-01-16
Manual_reading,,1504025.0,2020-01-16
RTU_totaliser,0.0,1504026.0,2020-01-16
Flow_integral,0.0,1504027.0,2020-01-16
Manual_reading,,1504028.0,2020-01-16
RTU_totaliser,0.0,1504029.0,2020-01-16
Flow_integral,0.0,1504030.0,2020-01-16
Manual_reading,,1504031.0,2020-01-16
RTU_totaliser,,1504032.0,2020-01-16
Flow_integral,,1504033.0,2020-01-16
Manual_reading,100.0,1504034.0,2020-01-16
RTU_totaliser,101.7,1504035.0,2020-01-16
Flow_integral,99.509,1504036.0,2020-01-16
Manual_reading,,1504037.0,2020-01-16
RTU_totaliser,115.6,1504038.0,2020-01-16
Flow_integral,119.074,1504039.0,2020-01-16
Manual_reading,,1504040.0,2020-01-16
RTU_totaliser,0.4,1504041.0,2020-01-16
Flow_integral,0.327,1504042.0,2020-01-16
Manual_reading,,1504043.0,2020-01-16
RTU_totaliser,,1504044.0,2020-01-16
Flow_integral,,1504045.0,2020-01-16
Manual_reading,0.0,1504046.0,2020-01-16
RTU_totaliser,0.0,1504047.0,2020-01-16
Flow_integral,0.0,1504048.0,2020-01-16
Manual_reading,,1504049.0,2020-01-16
RTU_totaliser,,1504050.0,2020-01-16
Flow_integral,,1504051.0,2020-01-16
Manual_reading,2.0,1504052.0,2020-01-16
RTU_totaliser,,1504053.0,2020-01-16
Flow_integral,,1504054.0,2020-01-16
Manual_reading,2.0,1504055.0,2020-01-16
RTU_totaliser,14.655999999999999,1504056.0,2020-01-16
Flow_integral,14.923,1504057.0,2020-01-16
Manual_reading,,1504058.0,2020-01-16
RTU_totaliser,73.87100000000001,1504059.0,2020-01-16
Flow_integral,67.616,1504060.0,2020-01-16
Manual_reading,,1504061.0,2020-01-16
RTU_totaliser,0.0,1504062.0,2020-01-16
Flow_integral,0.0,1504063.0,2020-01-16
Manual_reading,,1504064.0,2020-01-16
RTU_totaliser,17.0,1504065.0,2020-01-16
Flow_integral,26.122,1504066.0,2020-01-16
Manual_reading,,1504067.0,2020-01-16
RTU_totaliser,0.1,1504068.0,2020-01-16
Flow_integral,1.9680000000000002,1504069.0,2020-01-16
Manual_reading,,1504070.0,2020-01-16
RTU_totaliser,0.0,1504071.0,2020-01-16
Flow_integral,0.0,1504072.0,2020-01-16
Manual_reading,,1504073.0,2020-01-16
RTU_totaliser,,1504074.0,2020-01-16
Flow_integral,,1504075.0,2020-01-16
Manual_reading,0.0,1504076.0,2020-01-16
RTU_totaliser,0.0,1504077.0,2020-01-16
Flow_integral,1.36,1504078.0,2020-01-16
Manual_reading,,1504079.0,2020-01-16
RTU_totaliser,0.6,1504080.0,2020-01-16
Flow_integral,0.298,1504081.0,2020-01-16
Manual_reading,,1504082.0,2020-01-16
RTU_totaliser,40.9,1504083.0,2020-01-16
Flow_integral,39.514,1504084.0,2020-01-16
Manual_reading,,1504085.0,2020-01-16
RTU_totaliser,0.8,1504086.0,2020-01-16
Flow_integral,2.104,1504087.0,2020-01-16
Manual_reading,,1504088.0,2020-01-16
RTU_totaliser,,1504089.0,2020-01-16
Flow_integral,,1504090.0,2020-01-16
Manual_reading,11.9,1504091.0,2020-01-16
RTU_totaliser,48.1,1504092.0,2020-01-16
Flow_integral,46.873000000000005,1504093.0,2020-01-16
Manual_reading,,1504094.0,2020-01-16
RTU_totaliser,0.0,1504095.0,2020-01-16
Flow_integral,0.0,1504096.0,2020-01-16
Manual_reading,,1504097.0,2020-01-16
RTU_totaliser,,1504098.0,2020-01-16
Flow_integral,,1504099.0,2020-01-16
Manual_reading,0.0,1504100.0,2020-01-16
RTU_totaliser,,1504101.0,2020-01-16
Flow_integral,,1504102.0,2020-01-16
Manual_reading,0.0,1504103.0,2020-01-16
RTU_totaliser,0.0,1504104.0,2020-01-16
Flow_integral,0.0,1504105.0,2020-01-16
Manual_reading,,1504106.0,2020-01-16
RTU_totaliser,35.2,1504107.0,2020-01-16
Flow_integral,34.674,1504108.0,2020-01-16
Manual_reading,,1504109.0,2020-01-16
RTU_totaliser,0.2,1504110.0,2020-01-16
Flow_integral,0.231,1504111.0,2020-01-16
Manual_reading,,1504112.0,2020-01-16
RTU_totaliser,1.4,1504113.0,2020-01-16
Flow_integral,2.213,1504114.0,2020-01-16
Manual_reading,,1504115.0,2020-01-16
RTU_totaliser,0.0,1504116.0,2020-01-16
Flow_integral,0.0,1504117.0,2020-01-16
Manual_reading,,1504118.0,2020-01-16
RTU_totaliser,4.0,1504119.0,2020-01-16
Flow_integral,4.329,1504120.0,2020-01-16
Manual_reading,,1504121.0,2020-01-16
RTU_totaliser,0.0,1504122.0,2020-01-16
Flow_integral,0.0,1504123.0,2020-01-16
Manual_reading,,1504124.0,2020-01-16
RTU_totaliser,427.655,1504125.0,2020-01-16
Flow_integral,430.452,1504126.0,2020-01-16
Manual_reading,,1504127.0,2020-01-16
RTU_totaliser,,1504128.0,2020-01-16
Flow_integral,,1504129.0,2020-01-16
Manual_reading,0.0,1504130.0,2020-01-16
RTU_totaliser,9.699,1504131.0,2020-01-16
Flow_integral,12.633,1504132.0,2020-01-16
Manual_reading,,1504133.0,2020-01-16
RTU_totaliser,71.0,1504134.0,2020-01-16
Flow_integral,72.02,1504135.0,2020-01-16
Manual_reading,,1504136.0,2020-01-16
RTU_totaliser,,1504137.0,2020-01-16
Flow_integral,,1504138.0,2020-01-16
Manual_reading,0.0,1504139.0,2020-01-16
RTU_totaliser,275.191,1504140.0,2020-01-16
Flow_integral,268.07599999999996,1504141.0,2020-01-16
Manual_reading,,1504142.0,2020-01-16
RTU_totaliser,32.874,1504143.0,2020-01-16
Flow_integral,49.028999999999996,1504144.0,2020-01-16
Manual_reading,,1504145.0,2020-01-16
RTU_totaliser,0.0,1504146.0,2020-01-16
Flow_integral,0.0,1504147.0,2020-01-16
Manual_reading,,1504148.0,2020-01-16
RTU_totaliser,,1504149.0,2020-01-16
Flow_integral,,1504150.0,2020-01-16
Manual_reading,,1504151.0,2020-01-16
RTU_totaliser,49.25,1504152.0,2020-01-16
Flow_integral,67.92399999999999,1504153.0,2020-01-16
Manual_reading,,1504154.0,2020-01-16
RTU_totaliser,,1504155.0,2020-01-16
Flow_integral,,1504156.0,2020-01-16
Manual_reading,0.0,1504157.0,2020-01-16
RTU_totaliser,13.2,1504158.0,2020-01-16
Flow_integral,14.614,1504159.0,2020-01-16
Manual_reading,,1504160.0,2020-01-16
RTU_totaliser,31.058000000000003,1504161.0,2020-01-16
Flow_integral,37.562,1504162.0,2020-01-16
Manual_reading,,1504163.0,2020-01-16
RTU_totaliser,549.715,1504164.0,2020-01-16
Flow_integral,550.0269999999999,1504165.0,2020-01-16
Manual_reading,,1504166.0,2020-01-16
RTU_totaliser,0.0,1504167.0,2020-01-16
Flow_integral,0.0,1504168.0,2020-01-16
Manual_reading,,1504169.0,2020-01-16
RTU_totaliser,2.5,1504170.0,2020-01-16
Flow_integral,5.435,1504171.0,2020-01-16
Manual_reading,,1504172.0,2020-01-16
RTU_totaliser,8.7,1504173.0,2020-01-16
Flow_integral,11.9,1504174.0,2020-01-16
Manual_reading,,1504175.0,2020-01-16
RTU_totaliser,23.823,1504176.0,2020-01-16
Flow_integral,30.239,1504177.0,2020-01-16
Manual_reading,,1504178.0,2020-01-16
RTU_totaliser,24.8,1504179.0,2020-01-16
Flow_integral,24.476999999999997,1504180.0,2020-01-16
Manual_reading,,1504181.0,2020-01-16
RTU_totaliser,16.9,1504182.0,2020-01-16
Flow_integral,18.766,1504183.0,2020-01-16
Manual_reading,,1504184.0,2020-01-16
RTU_totaliser,32.6,1504185.0,2020-01-16
Flow_integral,41.791000000000004,1504186.0,2020-01-16
Manual_reading,,1504187.0,2020-01-16
RTU_totaliser,16.2,1504188.0,2020-01-16
Flow_integral,13.782,1504189.0,2020-01-16
Manual_reading,,1504190.0,2020-01-16
RTU_totaliser,36.1,1504191.0,2020-01-16
Flow_integral,35.126999999999995,1504192.0,2020-01-16
Manual_reading,,1504193.0,2020-01-16
RTU_totaliser,13.2,1504194.0,2020-01-16
Flow_integral,15.116,1504195.0,2020-01-16
Manual_reading,,1504196.0,2020-01-16
RTU_totaliser,5.4,1504197.0,2020-01-16
Flow_integral,5.151,1504198.0,2020-01-16
Manual_reading,,1504199.0,2020-01-16
RTU_totaliser,0.0,1504200.0,2020-01-16
Flow_integral,0.0,1504201.0,2020-01-16
Manual_reading,,1504202.0,2020-01-16
RTU_totaliser,52.3,1504203.0,2020-01-16
Flow_integral,47.606,1504204.0,2020-01-16
Manual_reading,,1504205.0,2020-01-16
RTU_totaliser,0.0,1504206.0,2020-01-16
Flow_integral,0.0,1504207.0,2020-01-16
Manual_reading,,1504208.0,2020-01-16
RTU_totaliser,,1504209.0,2020-01-16
Flow_integral,,1504210.0,2020-01-16
Manual_reading,0.0,1504211.0,2020-01-16
RTU_totaliser,32.9,1504212.0,2020-01-16
Flow_integral,33.623000000000005,1504213.0,2020-01-16
Manual_reading,,1504214.0,2020-01-16
RTU_totaliser,325.575,1504215.0,2020-01-16
Flow_integral,328.29400000000004,1504216.0,2020-01-16
Manual_reading,,1504217.0,2020-01-16
RTU_totaliser,3.714,1504218.0,2020-01-16
Flow_integral,2.3169999999999997,1504219.0,2020-01-16
Manual_reading,,1504220.0,2020-01-16
RTU_totaliser,159.7,1504221.0,2020-01-16
Flow_integral,158.127,1504222.0,2020-01-16
Manual_reading,,1504223.0,2020-01-16
RTU_totaliser,0.0,1504224.0,2020-01-16
Flow_integral,0.0,1504225.0,2020-01-16
Manual_reading,,1504226.0,2020-01-16
RTU_totaliser,252.753,1504227.0,2020-01-16
Flow_integral,248.24200000000002,1504228.0,2020-01-16
Manual_reading,,1504229.0,2020-01-16
RTU_totaliser,96.0,1504230.0,2020-01-16
Flow_integral,95.404,1504231.0,2020-01-16
Manual_reading,,1504232.0,2020-01-16
RTU_totaliser,222.16,1504233.0,2020-01-16
Flow_integral,221.78900000000002,1504234.0,2020-01-16
Manual_reading,,1504235.0,2020-01-16
RTU_totaliser,256.5,1504236.0,2020-01-16
Flow_integral,248.08700000000002,1504237.0,2020-01-16
Manual_reading,,1504238.0,2020-01-16
RTU_totaliser,241.0,1504239.0,2020-01-16
Flow_integral,247.4,1504240.0,2020-01-16
Manual_reading,,1504241.0,2020-01-16
RTU_totaliser,713.743,1504242.0,2020-01-16
Flow_integral,712.457,1504243.0,2020-01-16
Manual_reading,,1504244.0,2020-01-16
RTU_totaliser,,1504245.0,2020-01-16
Flow_integral,,1504246.0,2020-01-16
Manual_reading,0.0,1504247.0,2020-01-16
RTU_totaliser,,1504248.0,2020-01-16
Flow_integral,,1504249.0,2020-01-16
Manual_reading,0.0,1504250.0,2020-01-16
RTU_totaliser,318.769,1504251.0,2020-01-16
Flow_integral,318.967,1504252.0,2020-01-16
Manual_reading,,1504253.0,2020-01-16
RTU_totaliser,0.0,1504254.0,2020-01-16
Flow_integral,0.0,1504255.0,2020-01-16
Manual_reading,,1504256.0,2020-01-16
RTU_totaliser,0.003,1504257.0,2020-01-16
Flow_integral,0.0,1504258.0,2020-01-16
Manual_reading,,1504259.0,2020-01-16
RTU_totaliser,4.731,1504260.0,2020-01-16
Flow_integral,3.966,1504261.0,2020-01-16
Manual_reading,,1504262.0,2020-01-16
RTU_totaliser,0.038,1504263.0,2020-01-16
Flow_integral,0.121,1504264.0,2020-01-16
Manual_reading,,1504265.0,2020-01-16
RTU_totaliser,0.0,1504266.0,2020-01-16
Flow_integral,0.0,1504267.0,2020-01-16
Manual_reading,,1504268.0,2020-01-16
RTU_totaliser,,1504269.0,2020-01-16
Flow_integral,,1504270.0,2020-01-16
Manual_reading,0.0,1504271.0,2020-01-16
RTU_totaliser,0.0,1504272.0,2020-01-16
Flow_integral,0.773,1504273.0,2020-01-16
Manual_reading,,1504274.0,2020-01-16
RTU_totaliser,0.0,1504275.0,2020-01-16
Flow_integral,0.0,1504276.0,2020-01-16
Manual_reading,,1504277.0,2020-01-16
RTU_totaliser,16.1,1504278.0,2020-01-16
Flow_integral,16.785999999999998,1504279.0,2020-01-16
Manual_reading,,1504280.0,2020-01-16
Calculation_time,2020-04-29 14:23:00,1503617.0,2020-01-16
System_Efficiency, 87.8,1503610.0,2020-02-16
Diverted,3197.4,1503611.0,2020-02-16
Delivered, 2806.5,1503612.0,2020-02-16
Evaporative_loss, 37.7,1503613.0,2020-02-16
Rainfall, 12.2,1503614.0,2020-02-16
Seepage_loss, not yet implemented,1503615.0,2020-02-16
Unaccounted_loss, 365.5,1503616.0,2020-02-16
RTU_totaliser,0.001,1503618.0,2020-02-16
Flow_integral,0.09300000000000001,1503619.0,2020-02-16
Manual_reading,,1503620.0,2020-02-16
RTU_totaliser,,1503621.0,2020-02-16
Flow_integral,,1503622.0,2020-02-16
Manual_reading,0.0,1503623.0,2020-02-16
RTU_totaliser,,1503624.0,2020-02-16
Flow_integral,,1503625.0,2020-02-16
Manual_reading,0.0,1503626.0,2020-02-16
RTU_totaliser,1.993,1503627.0,2020-02-16
Flow_integral,2.886,1503628.0,2020-02-16
Manual_reading,,1503629.0,2020-02-16
RTU_totaliser,,1503630.0,2020-02-16
Flow_integral,,1503631.0,2020-02-16
Manual_reading,0.0,1503632.0,2020-02-16
RTU_totaliser,1.173,1503633.0,2020-02-16
Flow_integral,3.4330000000000003,1503634.0,2020-02-16
Manual_reading,,1503635.0,2020-02-16
RTU_totaliser,0.001,1503636.0,2020-02-16
Flow_integral,0.7979999999999999,1503637.0,2020-02-16
Manual_reading,,1503638.0,2020-02-16
RTU_totaliser,0.0,1503639.0,2020-02-16
Flow_integral,1.01,1503640.0,2020-02-16
Manual_reading,,1503641.0,2020-02-16
RTU_totaliser,18.213,1503642.0,2020-02-16
Flow_integral,13.655999999999999,1503643.0,2020-02-16
Manual_reading,,1503644.0,2020-02-16
RTU_totaliser,0.0,1503645.0,2020-02-16
Flow_integral,0.0,1503646.0,2020-02-16
Manual_reading,,1503647.0,2020-02-16
RTU_totaliser,0.0,1503648.0,2020-02-16
Flow_integral,0.27899999999999997,1503649.0,2020-02-16
Manual_reading,,1503650.0,2020-02-16
RTU_totaliser,0.0,1503651.0,2020-02-16
Flow_integral,0.0,1503652.0,2020-02-16
Manual_reading,,1503653.0,2020-02-16
RTU_totaliser,3.032,1503654.0,2020-02-16
Flow_integral,3.391,1503655.0,2020-02-16
Manual_reading,,1503656.0,2020-02-16
RTU_totaliser,6.612,1503657.0,2020-02-16
Flow_integral,10.106,1503658.0,2020-02-16
Manual_reading,,1503659.0,2020-02-16
RTU_totaliser,,1503660.0,2020-02-16
Flow_integral,,1503661.0,2020-02-16
Manual_reading,0.0,1503662.0,2020-02-16
RTU_totaliser,0.0,1503663.0,2020-02-16
Flow_integral,0.0,1503664.0,2020-02-16
Manual_reading,,1503665.0,2020-02-16
RTU_totaliser,,1503666.0,2020-02-16
Flow_integral,,1503667.0,2020-02-16
Manual_reading,0.0,1503668.0,2020-02-16
RTU_totaliser,0.0,1503669.0,2020-02-16
Flow_integral,0.0,1503670.0,2020-02-16
Manual_reading,,1503671.0,2020-02-16
RTU_totaliser,,1503672.0,2020-02-16
Flow_integral,,1503673.0,2020-02-16
Manual_reading,0.0,1503674.0,2020-02-16
RTU_totaliser,,1503675.0,2020-02-16
Flow_integral,,1503676.0,2020-02-16
Manual_reading,0.0,1503677.0,2020-02-16
RTU_totaliser,10.505999999999998,1503678.0,2020-02-16
Flow_integral,8.619,1503679.0,2020-02-16
Manual_reading,,1503680.0,2020-02-16
RTU_totaliser,0.0,1503681.0,2020-02-16
Flow_integral,0.0,1503682.0,2020-02-16
Manual_reading,,1503683.0,2020-02-16
RTU_totaliser,,1503684.0,2020-02-16
Flow_integral,,1503685.0,2020-02-16
Manual_reading,0.0,1503686.0,2020-02-16
RTU_totaliser,0.0,1503687.0,2020-02-16
Flow_integral,0.0,1503688.0,2020-02-16
Manual_reading,,1503689.0,2020-02-16
RTU_totaliser,,1503690.0,2020-02-16
Flow_integral,,1503691.0,2020-02-16
Manual_reading,0.0,1503692.0,2020-02-16
RTU_totaliser,0.021,1503693.0,2020-02-16
Flow_integral,0.545,1503694.0,2020-02-16
Manual_reading,,1503695.0,2020-02-16
RTU_totaliser,1.15,1503696.0,2020-02-16
Flow_integral,-0.011000000000000001,1503697.0,2020-02-16
Manual_reading,,1503698.0,2020-02-16
RTU_totaliser,3.8339999999999996,1503699.0,2020-02-16
Flow_integral,1.734,1503700.0,2020-02-16
Manual_reading,,1503701.0,2020-02-16
RTU_totaliser,6.405,1503702.0,2020-02-16
Flow_integral,11.269,1503703.0,2020-02-16
Manual_reading,,1503704.0,2020-02-16
RTU_totaliser,1.089,1503705.0,2020-02-16
Flow_integral,1.746,1503706.0,2020-02-16
Manual_reading,,1503707.0,2020-02-16
RTU_totaliser,1.659,1503708.0,2020-02-16
Flow_integral,1.98,1503709.0,2020-02-16
Manual_reading,,1503710.0,2020-02-16
RTU_totaliser,0.044000000000000004,1503711.0,2020-02-16
Flow_integral,0.573,1503712.0,2020-02-16
Manual_reading,,1503713.0,2020-02-16
RTU_totaliser,4.644,1503714.0,2020-02-16
Flow_integral,4.6080000000000005,1503715.0,2020-02-16
Manual_reading,,1503716.0,2020-02-16
RTU_totaliser,0.0,1503717.0,2020-02-16
Flow_integral,0.0,1503718.0,2020-02-16
Manual_reading,,1503719.0,2020-02-16
RTU_totaliser,2.426,1503720.0,2020-02-16
Flow_integral,2.451,1503721.0,2020-02-16
Manual_reading,,1503722.0,2020-02-16
RTU_totaliser,0.0,1503723.0,2020-02-16
Flow_integral,0.0,1503724.0,2020-02-16
Manual_reading,,1503725.0,2020-02-16
RTU_totaliser,4.575,1503726.0,2020-02-16
Flow_integral,6.553,1503727.0,2020-02-16
Manual_reading,,1503728.0,2020-02-16
RTU_totaliser,4.3,1503729.0,2020-02-16
Flow_integral,12.811,1503730.0,2020-02-16
Manual_reading,,1503731.0,2020-02-16
RTU_totaliser,2.6,1503732.0,2020-02-16
Flow_integral,8.925,1503733.0,2020-02-16
Manual_reading,,1503734.0,2020-02-16
RTU_totaliser,3.14,1503735.0,2020-02-16
Flow_integral,5.3020000000000005,1503736.0,2020-02-16
Manual_reading,,1503737.0,2020-02-16
RTU_totaliser,9.002,1503738.0,2020-02-16
Flow_integral,13.354000000000001,1503739.0,2020-02-16
Manual_reading,,1503740.0,2020-02-16
RTU_totaliser,0.001,1503741.0,2020-02-16
Flow_integral,0.126,1503742.0,2020-02-16
Manual_reading,,1503743.0,2020-02-16
RTU_totaliser,,1503744.0,2020-02-16
Flow_integral,,1503745.0,2020-02-16
Manual_reading,0.0,1503746.0,2020-02-16
RTU_totaliser,3.9939999999999998,1503747.0,2020-02-16
Flow_integral,4.297,1503748.0,2020-02-16
Manual_reading,,1503749.0,2020-02-16
RTU_totaliser,5.797000000000001,1503750.0,2020-02-16
Flow_integral,7.809,1503751.0,2020-02-16
Manual_reading,,1503752.0,2020-02-16
RTU_totaliser,0.0,1503753.0,2020-02-16
Flow_integral,0.0,1503754.0,2020-02-16
Manual_reading,,1503755.0,2020-02-16
RTU_totaliser,4.629,1503756.0,2020-02-16
Flow_integral,7.82,1503757.0,2020-02-16
Manual_reading,,1503758.0,2020-02-16
RTU_totaliser,2.401,1503759.0,2020-02-16
Flow_integral,2.204,1503760.0,2020-02-16
Manual_reading,,1503761.0,2020-02-16
RTU_totaliser,,1503762.0,2020-02-16
Flow_integral,,1503763.0,2020-02-16
Manual_reading,0.0,1503764.0,2020-02-16
RTU_totaliser,24.184,1503765.0,2020-02-16
Flow_integral,22.268,1503766.0,2020-02-16
Manual_reading,,1503767.0,2020-02-16
RTU_totaliser,,1503768.0,2020-02-16
Flow_integral,,1503769.0,2020-02-16
Manual_reading,0.0,1503770.0,2020-02-16
RTU_totaliser,5.907,1503771.0,2020-02-16
Flow_integral,10.144,1503772.0,2020-02-16
Manual_reading,,1503773.0,2020-02-16
RTU_totaliser,4.805,1503774.0,2020-02-16
Flow_integral,5.746,1503775.0,2020-02-16
Manual_reading,,1503776.0,2020-02-16
RTU_totaliser,0.005,1503777.0,2020-02-16
Flow_integral,1.2329999999999999,1503778.0,2020-02-16
Manual_reading,,1503779.0,2020-02-16
RTU_totaliser,0.133,1503780.0,2020-02-16
Flow_integral,0.083,1503781.0,2020-02-16
Manual_reading,,1503782.0,2020-02-16
RTU_totaliser,,1503783.0,2020-02-16
Flow_integral,,1503784.0,2020-02-16
Manual_reading,0.0,1503785.0,2020-02-16
RTU_totaliser,0.40399999999999997,1503786.0,2020-02-16
Flow_integral,1.32,1503787.0,2020-02-16
Manual_reading,,1503788.0,2020-02-16
RTU_totaliser,11.366,1503789.0,2020-02-16
Flow_integral,15.569,1503790.0,2020-02-16
Manual_reading,,1503791.0,2020-02-16
RTU_totaliser,,1503792.0,2020-02-16
Flow_integral,,1503793.0,2020-02-16
Manual_reading,0.0,1503794.0,2020-02-16
RTU_totaliser,1.459,1503795.0,2020-02-16
Flow_integral,1.248,1503796.0,2020-02-16
Manual_reading,,1503797.0,2020-02-16
RTU_totaliser,2.737,1503798.0,2020-02-16
Flow_integral,4.056,1503799.0,2020-02-16
Manual_reading,,1503800.0,2020-02-16
RTU_totaliser,3.661,1503801.0,2020-02-16
Flow_integral,4.8260000000000005,1503802.0,2020-02-16
Manual_reading,,1503803.0,2020-02-16
RTU_totaliser,0.001,1503804.0,2020-02-16
Flow_integral,0.0,1503805.0,2020-02-16
Manual_reading,,1503806.0,2020-02-16
RTU_totaliser,5.9,1503807.0,2020-02-16
Flow_integral,4.8069999999999995,1503808.0,2020-02-16
Manual_reading,,1503809.0,2020-02-16
RTU_totaliser,8.086,1503810.0,2020-02-16
Flow_integral,11.697000000000001,1503811.0,2020-02-16
Manual_reading,,1503812.0,2020-02-16
RTU_totaliser,0.0,1503813.0,2020-02-16
Flow_integral,0.0,1503814.0,2020-02-16
Manual_reading,,1503815.0,2020-02-16
RTU_totaliser,0.0,1503816.0,2020-02-16
Flow_integral,0.0,1503817.0,2020-02-16
Manual_reading,,1503818.0,2020-02-16
RTU_totaliser,,1503819.0,2020-02-16
Flow_integral,,1503820.0,2020-02-16
Manual_reading,0.0,1503821.0,2020-02-16
RTU_totaliser,,1503822.0,2020-02-16
Flow_integral,,1503823.0,2020-02-16
Manual_reading,0.0,1503824.0,2020-02-16
RTU_totaliser,,1503825.0,2020-02-16
Flow_integral,,1503826.0,2020-02-16
Manual_reading,0.0,1503827.0,2020-02-16
RTU_totaliser,0.0,1503828.0,2020-02-16
Flow_integral,0.147,1503829.0,2020-02-16
Manual_reading,,1503830.0,2020-02-16
RTU_totaliser,10.027000000000001,1503831.0,2020-02-16
Flow_integral,17.964000000000002,1503832.0,2020-02-16
Manual_reading,,1503833.0,2020-02-16
RTU_totaliser,7.4,1503834.0,2020-02-16
Flow_integral,5.817,1503835.0,2020-02-16
Manual_reading,,1503836.0,2020-02-16
RTU_totaliser,6.4,1503837.0,2020-02-16
Flow_integral,7.79,1503838.0,2020-02-16
Manual_reading,,1503839.0,2020-02-16
RTU_totaliser,0.0,1503840.0,2020-02-16
Flow_integral,0.503,1503841.0,2020-02-16
Manual_reading,,1503842.0,2020-02-16
RTU_totaliser,0.0,1503843.0,2020-02-16
Flow_integral,0.0,1503844.0,2020-02-16
Manual_reading,,1503845.0,2020-02-16
RTU_totaliser,0.5,1503846.0,2020-02-16
Flow_integral,0.932,1503847.0,2020-02-16
Manual_reading,,1503848.0,2020-02-16
RTU_totaliser,,1503849.0,2020-02-16
Flow_integral,,1503850.0,2020-02-16
Manual_reading,0.0,1503851.0,2020-02-16
RTU_totaliser,0.0,1503852.0,2020-02-16
Flow_integral,0.039,1503853.0,2020-02-16
Manual_reading,,1503854.0,2020-02-16
RTU_totaliser,6.9,1503855.0,2020-02-16
Flow_integral,6.841,1503856.0,2020-02-16
Manual_reading,,1503857.0,2020-02-16
RTU_totaliser,,1503858.0,2020-02-16
Flow_integral,,1503859.0,2020-02-16
Manual_reading,0.0,1503860.0,2020-02-16
RTU_totaliser,1.7819999999999998,1503861.0,2020-02-16
Flow_integral,1.278,1503862.0,2020-02-16
Manual_reading,,1503863.0,2020-02-16
RTU_totaliser,,1503864.0,2020-02-16
Flow_integral,,1503865.0,2020-02-16
Manual_reading,,1503866.0,2020-02-16
RTU_totaliser,0.0,1503867.0,2020-02-16
Flow_integral,0.0,1503868.0,2020-02-16
Manual_reading,,1503869.0,2020-02-16
RTU_totaliser,1.9,1503870.0,2020-02-16
Flow_integral,1.7369999999999999,1503871.0,2020-02-16
Manual_reading,,1503872.0,2020-02-16
RTU_totaliser,,1503873.0,2020-02-16
Flow_integral,,1503874.0,2020-02-16
Manual_reading,0.0,1503875.0,2020-02-16
RTU_totaliser,,1503876.0,2020-02-16
Flow_integral,,1503877.0,2020-02-16
Manual_reading,0.0,1503878.0,2020-02-16
RTU_totaliser,1.0,1503879.0,2020-02-16
Flow_integral,3.0589999999999997,1503880.0,2020-02-16
Manual_reading,,1503881.0,2020-02-16
RTU_totaliser,1.2,1503882.0,2020-02-16
Flow_integral,3.68,1503883.0,2020-02-16
Manual_reading,,1503884.0,2020-02-16
RTU_totaliser,,1503885.0,2020-02-16
Flow_integral,,1503886.0,2020-02-16
Manual_reading,0.0,1503887.0,2020-02-16
RTU_totaliser,0.0,1503888.0,2020-02-16
Flow_integral,0.43,1503889.0,2020-02-16
Manual_reading,,1503890.0,2020-02-16
RTU_totaliser,1.6,1503891.0,2020-02-16
Flow_integral,1.52,1503892.0,2020-02-16
Manual_reading,,1503893.0,2020-02-16
RTU_totaliser,0.0,1503894.0,2020-02-16
Flow_integral,0.0,1503895.0,2020-02-16
Manual_reading,,1503896.0,2020-02-16
RTU_totaliser,,1503897.0,2020-02-16
Flow_integral,,1503898.0,2020-02-16
Manual_reading,,1503899.0,2020-02-16
RTU_totaliser,0.0,1503900.0,2020-02-16
Flow_integral,0.0,1503901.0,2020-02-16
Manual_reading,,1503902.0,2020-02-16
RTU_totaliser,,1503903.0,2020-02-16
Flow_integral,,1503904.0,2020-02-16
Manual_reading,0.0,1503905.0,2020-02-16
RTU_totaliser,,1503906.0,2020-02-16
Flow_integral,,1503907.0,2020-02-16
Manual_reading,0.0,1503908.0,2020-02-16
RTU_totaliser,0.0,1503909.0,2020-02-16
Flow_integral,0.0,1503910.0,2020-02-16
Manual_reading,,1503911.0,2020-02-16
RTU_totaliser,0.0,1503912.0,2020-02-16
Flow_integral,0.0,1503913.0,2020-02-16
Manual_reading,,1503914.0,2020-02-16
RTU_totaliser,0.0,1503915.0,2020-02-16
Flow_integral,0.0,1503916.0,2020-02-16
Manual_reading,,1503917.0,2020-02-16
RTU_totaliser,,1503918.0,2020-02-16
Flow_integral,,1503919.0,2020-02-16
Manual_reading,1.9,1503920.0,2020-02-16
RTU_totaliser,0.0,1503921.0,2020-02-16
Flow_integral,0.039,1503922.0,2020-02-16
Manual_reading,,1503923.0,2020-02-16
RTU_totaliser,3.2880000000000003,1503924.0,2020-02-16
Flow_integral,4.102,1503925.0,2020-02-16
Manual_reading,,1503926.0,2020-02-16
RTU_totaliser,0.0,1503927.0,2020-02-16
Flow_integral,0.0,1503928.0,2020-02-16
Manual_reading,,1503929.0,2020-02-16
RTU_totaliser,0.0,1503930.0,2020-02-16
Flow_integral,0.0,1503931.0,2020-02-16
Manual_reading,,1503932.0,2020-02-16
RTU_totaliser,0.013999999999999999,1503933.0,2020-02-16
Flow_integral,0.505,1503934.0,2020-02-16
Manual_reading,,1503935.0,2020-02-16
RTU_totaliser,0.0,1503936.0,2020-02-16
Flow_integral,0.0,1503937.0,2020-02-16
Manual_reading,,1503938.0,2020-02-16
RTU_totaliser,0.006999999999999999,1503939.0,2020-02-16
Flow_integral,0.26,1503940.0,2020-02-16
Manual_reading,,1503941.0,2020-02-16
RTU_totaliser,0.0,1503942.0,2020-02-16
Flow_integral,0.0,1503943.0,2020-02-16
Manual_reading,,1503944.0,2020-02-16
RTU_totaliser,0.162,1503945.0,2020-02-16
Flow_integral,0.319,1503946.0,2020-02-16
Manual_reading,,1503947.0,2020-02-16
RTU_totaliser,0.0,1503948.0,2020-02-16
Flow_integral,0.0,1503949.0,2020-02-16
Manual_reading,,1503950.0,2020-02-16
RTU_totaliser,0.0,1503951.0,2020-02-16
Flow_integral,0.462,1503952.0,2020-02-16
Manual_reading,,1503953.0,2020-02-16
RTU_totaliser,0.0,1503954.0,2020-02-16
Flow_integral,0.0,1503955.0,2020-02-16
Manual_reading,,1503956.0,2020-02-16
RTU_totaliser,0.0,1503957.0,2020-02-16
Flow_integral,0.0,1503958.0,2020-02-16
Manual_reading,,1503959.0,2020-02-16
RTU_totaliser,0.0,1503960.0,2020-02-16
Flow_integral,0.0,1503961.0,2020-02-16
Manual_reading,,1503962.0,2020-02-16
RTU_totaliser,,1503963.0,2020-02-16
Flow_integral,,1503964.0,2020-02-16
Manual_reading,0.0,1503965.0,2020-02-16
RTU_totaliser,0.0,1503966.0,2020-02-16
Flow_integral,0.0,1503967.0,2020-02-16
Manual_reading,,1503968.0,2020-02-16
RTU_totaliser,0.0,1503969.0,2020-02-16
Flow_integral,0.0,1503970.0,2020-02-16
Manual_reading,,1503971.0,2020-02-16
RTU_totaliser,66.665,1503972.0,2020-02-16
Flow_integral,66.69800000000001,1503973.0,2020-02-16
Manual_reading,,1503974.0,2020-02-16
RTU_totaliser,0.0,1503975.0,2020-02-16
Flow_integral,0.0,1503976.0,2020-02-16
Manual_reading,,1503977.0,2020-02-16
RTU_totaliser,0.0,1503978.0,2020-02-16
Flow_integral,0.0,1503979.0,2020-02-16
Manual_reading,,1503980.0,2020-02-16
RTU_totaliser,,1503981.0,2020-02-16
Flow_integral,,1503982.0,2020-02-16
Manual_reading,0.0,1503983.0,2020-02-16
RTU_totaliser,1.189,1503984.0,2020-02-16
Flow_integral,0.401,1503985.0,2020-02-16
Manual_reading,,1503986.0,2020-02-16
RTU_totaliser,,1503987.0,2020-02-16
Flow_integral,,1503988.0,2020-02-16
Manual_reading,,1503989.0,2020-02-16
RTU_totaliser,,1503990.0,2020-02-16
Flow_integral,,1503991.0,2020-02-16
Manual_reading,0.0,1503992.0,2020-02-16
RTU_totaliser,,1503993.0,2020-02-16
Flow_integral,,1503994.0,2020-02-16
Manual_reading,0.0,1503995.0,2020-02-16
RTU_totaliser,,1503996.0,2020-02-16
Flow_integral,,1503997.0,2020-02-16
Manual_reading,19.7,1503998.0,2020-02-16
RTU_totaliser,,1503999.0,2020-02-16
Flow_integral,,1504000.0,2020-02-16
Manual_reading,2.5,1504001.0,2020-02-16
RTU_totaliser,,1504002.0,2020-02-16
Flow_integral,,1504003.0,2020-02-16
Manual_reading,8.3,1504004.0,2020-02-16
RTU_totaliser,0.0,1504005.0,2020-02-16
Flow_integral,0.0,1504006.0,2020-02-16
Manual_reading,,1504007.0,2020-02-16
RTU_totaliser,94.492,1504008.0,2020-02-16
Flow_integral,91.43700000000001,1504009.0,2020-02-16
Manual_reading,,1504010.0,2020-02-16
RTU_totaliser,,1504011.0,2020-02-16
Flow_integral,,1504012.0,2020-02-16
Manual_reading,0.0,1504013.0,2020-02-16
RTU_totaliser,,1504014.0,2020-02-16
Flow_integral,,1504015.0,2020-02-16
Manual_reading,0.0,1504016.0,2020-02-16
RTU_totaliser,,1504017.0,2020-02-16
Flow_integral,,1504018.0,2020-02-16
Manual_reading,0.0,1504019.0,2020-02-16
RTU_totaliser,,1504020.0,2020-02-16
Flow_integral,,1504021.0,2020-02-16
Manual_reading,0.0,1504022.0,2020-02-16
RTU_totaliser,7.954,1504023.0,2020-02-16
Flow_integral,11.833,1504024.0,2020-02-16
Manual_reading,,1504025.0,2020-02-16
RTU_totaliser,0.0,1504026.0,2020-02-16
Flow_integral,0.0,1504027.0,2020-02-16
Manual_reading,,1504028.0,2020-02-16
RTU_totaliser,0.0,1504029.0,2020-02-16
Flow_integral,0.0,1504030.0,2020-02-16
Manual_reading,,1504031.0,2020-02-16
RTU_totaliser,,1504032.0,2020-02-16
Flow_integral,,1504033.0,2020-02-16
Manual_reading,18.8,1504034.0,2020-02-16
RTU_totaliser,42.6,1504035.0,2020-02-16
Flow_integral,39.405,1504036.0,2020-02-16
Manual_reading,,1504037.0,2020-02-16
RTU_totaliser,43.1,1504038.0,2020-02-16
Flow_integral,48.297,1504039.0,2020-02-16
Manual_reading,,1504040.0,2020-02-16
RTU_totaliser,0.0,1504041.0,2020-02-16
Flow_integral,0.0,1504042.0,2020-02-16
Manual_reading,,1504043.0,2020-02-16
RTU_totaliser,,1504044.0,2020-02-16
Flow_integral,,1504045.0,2020-02-16
Manual_reading,0.0,1504046.0,2020-02-16
RTU_totaliser,0.0,1504047.0,2020-02-16
Flow_integral,0.0,1504048.0,2020-02-16
Manual_reading,,1504049.0,2020-02-16
RTU_totaliser,,1504050.0,2020-02-16
Flow_integral,,1504051.0,2020-02-16
Manual_reading,2.0,1504052.0,2020-02-16
RTU_totaliser,,1504053.0,2020-02-16
Flow_integral,,1504054.0,2020-02-16
Manual_reading,2.0,1504055.0,2020-02-16
RTU_totaliser,11.759,1504056.0,2020-02-16
Flow_integral,16.253,1504057.0,2020-02-16
Manual_reading,,1504058.0,2020-02-16
RTU_totaliser,54.724,1504059.0,2020-02-16
Flow_integral,49.271,1504060.0,2020-02-16
Manual_reading,,1504061.0,2020-02-16
RTU_totaliser,0.0,1504062.0,2020-02-16
Flow_integral,0.0,1504063.0,2020-02-16
Manual_reading,,1504064.0,2020-02-16
RTU_totaliser,12.4,1504065.0,2020-02-16
Flow_integral,22.118000000000002,1504066.0,2020-02-16
Manual_reading,,1504067.0,2020-02-16
RTU_totaliser,0.4,1504068.0,2020-02-16
Flow_integral,2.153,1504069.0,2020-02-16
Manual_reading,,1504070.0,2020-02-16
RTU_totaliser,0.0,1504071.0,2020-02-16
Flow_integral,0.779,1504072.0,2020-02-16
Manual_reading,,1504073.0,2020-02-16
RTU_totaliser,,1504074.0,2020-02-16
Flow_integral,,1504075.0,2020-02-16
Manual_reading,0.0,1504076.0,2020-02-16
RTU_totaliser,1.0,1504077.0,2020-02-16
Flow_integral,1.2990000000000002,1504078.0,2020-02-16
Manual_reading,,1504079.0,2020-02-16
RTU_totaliser,0.9,1504080.0,2020-02-16
Flow_integral,-0.001,1504081.0,2020-02-16
Manual_reading,,1504082.0,2020-02-16
RTU_totaliser,10.6,1504083.0,2020-02-16
Flow_integral,10.963,1504084.0,2020-02-16
Manual_reading,,1504085.0,2020-02-16
RTU_totaliser,0.9,1504086.0,2020-02-16
Flow_integral,1.413,1504087.0,2020-02-16
Manual_reading,,1504088.0,2020-02-16
RTU_totaliser,,1504089.0,2020-02-16
Flow_integral,,1504090.0,2020-02-16
Manual_reading,7.7,1504091.0,2020-02-16
RTU_totaliser,17.9,1504092.0,2020-02-16
Flow_integral,16.875999999999998,1504093.0,2020-02-16
Manual_reading,,1504094.0,2020-02-16
RTU_totaliser,0.1,1504095.0,2020-02-16
Flow_integral,3.235,1504096.0,2020-02-16
Manual_reading,,1504097.0,2020-02-16
RTU_totaliser,,1504098.0,2020-02-16
Flow_integral,,1504099.0,2020-02-16
Manual_reading,0.0,1504100.0,2020-02-16
RTU_totaliser,,1504101.0,2020-02-16
Flow_integral,,1504102.0,2020-02-16
Manual_reading,0.0,1504103.0,2020-02-16
RTU_totaliser,0.0,1504104.0,2020-02-16
Flow_integral,0.0,1504105.0,2020-02-16
Manual_reading,,1504106.0,2020-02-16
RTU_totaliser,13.3,1504107.0,2020-02-16
Flow_integral,11.543,1504108.0,2020-02-16
Manual_reading,,1504109.0,2020-02-16
RTU_totaliser,0.1,1504110.0,2020-02-16
Flow_integral,0.0,1504111.0,2020-02-16
Manual_reading,,1504112.0,2020-02-16
RTU_totaliser,1.3,1504113.0,2020-02-16
Flow_integral,1.5819999999999999,1504114.0,2020-02-16
Manual_reading,,1504115.0,2020-02-16
RTU_totaliser,0.0,1504116.0,2020-02-16
Flow_integral,0.37,1504117.0,2020-02-16
Manual_reading,,1504118.0,2020-02-16
RTU_totaliser,0.0,1504119.0,2020-02-16
Flow_integral,0.0,1504120.0,2020-02-16
Manual_reading,,1504121.0,2020-02-16
RTU_totaliser,0.0,1504122.0,2020-02-16
Flow_integral,0.0,1504123.0,2020-02-16
Manual_reading,,1504124.0,2020-02-16
RTU_totaliser,0.0,1504125.0,2020-02-16
Flow_integral,0.0,1504126.0,2020-02-16
Manual_reading,,1504127.0,2020-02-16
RTU_totaliser,,1504128.0,2020-02-16
Flow_integral,,1504129.0,2020-02-16
Manual_reading,0.0,1504130.0,2020-02-16
RTU_totaliser,19.77,1504131.0,2020-02-16
Flow_integral,25.519000000000002,1504132.0,2020-02-16
Manual_reading,,1504133.0,2020-02-16
RTU_totaliser,32.6,1504134.0,2020-02-16
Flow_integral,32.397,1504135.0,2020-02-16
Manual_reading,,1504136.0,2020-02-16
RTU_totaliser,,1504137.0,2020-02-16
Flow_integral,,1504138.0,2020-02-16
Manual_reading,0.0,1504139.0,2020-02-16
RTU_totaliser,72.31,1504140.0,2020-02-16
Flow_integral,72.477,1504141.0,2020-02-16
Manual_reading,,1504142.0,2020-02-16
RTU_totaliser,15.953,1504143.0,2020-02-16
Flow_integral,21.174,1504144.0,2020-02-16
Manual_reading,,1504145.0,2020-02-16
RTU_totaliser,0.0,1504146.0,2020-02-16
Flow_integral,0.0,1504147.0,2020-02-16
Manual_reading,,1504148.0,2020-02-16
RTU_totaliser,,1504149.0,2020-02-16
Flow_integral,,1504150.0,2020-02-16
Manual_reading,,1504151.0,2020-02-16
RTU_totaliser,20.065,1504152.0,2020-02-16
Flow_integral,24.779,1504153.0,2020-02-16
Manual_reading,,1504154.0,2020-02-16
RTU_totaliser,,1504155.0,2020-02-16
Flow_integral,,1504156.0,2020-02-16
Manual_reading,0.0,1504157.0,2020-02-16
RTU_totaliser,3.0,1504158.0,2020-02-16
Flow_integral,3.8789999999999996,1504159.0,2020-02-16
Manual_reading,,1504160.0,2020-02-16
RTU_totaliser,21.941999999999997,1504161.0,2020-02-16
Flow_integral,32.44,1504162.0,2020-02-16
Manual_reading,,1504163.0,2020-02-16
RTU_totaliser,135.437,1504164.0,2020-02-16
Flow_integral,135.511,1504165.0,2020-02-16
Manual_reading,,1504166.0,2020-02-16
RTU_totaliser,0.0,1504167.0,2020-02-16
Flow_integral,0.0,1504168.0,2020-02-16
Manual_reading,,1504169.0,2020-02-16
RTU_totaliser,1.0,1504170.0,2020-02-16
Flow_integral,1.014,1504171.0,2020-02-16
Manual_reading,,1504172.0,2020-02-16
RTU_totaliser,5.3,1504173.0,2020-02-16
Flow_integral,4.498,1504174.0,2020-02-16
Manual_reading,,1504175.0,2020-02-16
RTU_totaliser,11.177,1504176.0,2020-02-16
Flow_integral,20.118,1504177.0,2020-02-16
Manual_reading,,1504178.0,2020-02-16
RTU_totaliser,22.4,1504179.0,2020-02-16
Flow_integral,21.874000000000002,1504180.0,2020-02-16
Manual_reading,,1504181.0,2020-02-16
RTU_totaliser,9.4,1504182.0,2020-02-16
Flow_integral,10.385,1504183.0,2020-02-16
Manual_reading,,1504184.0,2020-02-16
RTU_totaliser,6.5,1504185.0,2020-02-16
Flow_integral,16.372,1504186.0,2020-02-16
Manual_reading,,1504187.0,2020-02-16
RTU_totaliser,13.3,1504188.0,2020-02-16
Flow_integral,13.195,1504189.0,2020-02-16
Manual_reading,,1504190.0,2020-02-16
RTU_totaliser,25.0,1504191.0,2020-02-16
Flow_integral,27.83,1504192.0,2020-02-16
Manual_reading,,1504193.0,2020-02-16
RTU_totaliser,9.7,1504194.0,2020-02-16
Flow_integral,12.181,1504195.0,2020-02-16
Manual_reading,,1504196.0,2020-02-16
RTU_totaliser,3.6,1504197.0,2020-02-16
Flow_integral,3.069,1504198.0,2020-02-16
Manual_reading,,1504199.0,2020-02-16
RTU_totaliser,0.0,1504200.0,2020-02-16
Flow_integral,0.0,1504201.0,2020-02-16
Manual_reading,,1504202.0,2020-02-16
RTU_totaliser,29.6,1504203.0,2020-02-16
Flow_integral,30.118000000000002,1504204.0,2020-02-16
Manual_reading,,1504205.0,2020-02-16
RTU_totaliser,0.0,1504206.0,2020-02-16
Flow_integral,0.0,1504207.0,2020-02-16
Manual_reading,,1504208.0,2020-02-16
RTU_totaliser,,1504209.0,2020-02-16
Flow_integral,,1504210.0,2020-02-16
Manual_reading,0.0,1504211.0,2020-02-16
RTU_totaliser,15.8,1504212.0,2020-02-16
Flow_integral,19.750999999999998,1504213.0,2020-02-16
Manual_reading,,1504214.0,2020-02-16
RTU_totaliser,377.909,1504215.0,2020-02-16
Flow_integral,366.458,1504216.0,2020-02-16
Manual_reading,,1504217.0,2020-02-16
RTU_totaliser,3.548,1504218.0,2020-02-16
Flow_integral,2.623,1504219.0,2020-02-16
Manual_reading,,1504220.0,2020-02-16
RTU_totaliser,62.8,1504221.0,2020-02-16
Flow_integral,62.805,1504222.0,2020-02-16
Manual_reading,,1504223.0,2020-02-16
RTU_totaliser,0.0,1504224.0,2020-02-16
Flow_integral,0.0,1504225.0,2020-02-16
Manual_reading,,1504226.0,2020-02-16
RTU_totaliser,91.491,1504227.0,2020-02-16
Flow_integral,93.635,1504228.0,2020-02-16
Manual_reading,,1504229.0,2020-02-16
RTU_totaliser,77.5,1504230.0,2020-02-16
Flow_integral,77.07300000000001,1504231.0,2020-02-16
Manual_reading,,1504232.0,2020-02-16
RTU_totaliser,84.24,1504233.0,2020-02-16
Flow_integral,83.618,1504234.0,2020-02-16
Manual_reading,,1504235.0,2020-02-16
RTU_totaliser,188.301,1504236.0,2020-02-16
Flow_integral,189.475,1504237.0,2020-02-16
Manual_reading,,1504238.0,2020-02-16
RTU_totaliser,107.4,1504239.0,2020-02-16
Flow_integral,109.01299999999999,1504240.0,2020-02-16
Manual_reading,,1504241.0,2020-02-16
RTU_totaliser,416.62300000000005,1504242.0,2020-02-16
Flow_integral,415.593,1504243.0,2020-02-16
Manual_reading,,1504244.0,2020-02-16
RTU_totaliser,,1504245.0,2020-02-16
Flow_integral,,1504246.0,2020-02-16
Manual_reading,0.0,1504247.0,2020-02-16
RTU_totaliser,,1504248.0,2020-02-16
Flow_integral,,1504249.0,2020-02-16
Manual_reading,0.0,1504250.0,2020-02-16
RTU_totaliser,142.439,1504251.0,2020-02-16
Flow_integral,142.545,1504252.0,2020-02-16
Manual_reading,,1504253.0,2020-02-16
RTU_totaliser,0.0,1504254.0,2020-02-16
Flow_integral,0.0,1504255.0,2020-02-16
Manual_reading,,1504256.0,2020-02-16
RTU_totaliser,0.0,1504257.0,2020-02-16
Flow_integral,0.0,1504258.0,2020-02-16
Manual_reading,,1504259.0,2020-02-16
RTU_totaliser,1.047,1504260.0,2020-02-16
Flow_integral,0.462,1504261.0,2020-02-16
Manual_reading,,1504262.0,2020-02-16
RTU_totaliser,120.758,1504263.0,2020-02-16
Flow_integral,119.95299999999999,1504264.0,2020-02-16
Manual_reading,,1504265.0,2020-02-16
RTU_totaliser,0.0,1504266.0,2020-02-16
Flow_integral,0.0,1504267.0,2020-02-16
Manual_reading,,1504268.0,2020-02-16
RTU_totaliser,,1504269.0,2020-02-16
Flow_integral,,1504270.0,2020-02-16
Manual_reading,0.0,1504271.0,2020-02-16
RTU_totaliser,0.2,1504272.0,2020-02-16
Flow_integral,0.563,1504273.0,2020-02-16
Manual_reading,,1504274.0,2020-02-16
RTU_totaliser,0.0,1504275.0,2020-02-16
Flow_integral,0.0,1504276.0,2020-02-16
Manual_reading,,1504277.0,2020-02-16
RTU_totaliser,0.0,1504278.0,2020-02-16
Flow_integral,0.0,1504279.0,2020-02-16
Manual_reading,,1504280.0,2020-02-16
Calculation_time,2020-04-29 14:21:00,1503617.0,2020-02-16
System_Efficiency, 85.1,1503610.0,2020-03-16
Diverted,2330.8,1503611.0,2020-03-16
Delivered, 1984.5,1503612.0,2020-03-16
Evaporative_loss, 28.1,1503613.0,2020-03-16
Rainfall, 15.7,1503614.0,2020-03-16
Seepage_loss, not yet implemented,1503615.0,2020-03-16
Unaccounted_loss, 334.0,1503616.0,2020-03-16
RTU_totaliser,2.687,1503618.0,2020-03-16
Flow_integral,3.781,1503619.0,2020-03-16
Manual_reading,,1503620.0,2020-03-16
RTU_totaliser,,1503621.0,2020-03-16
Flow_integral,,1503622.0,2020-03-16
Manual_reading,0.0,1503623.0,2020-03-16
RTU_totaliser,,1503624.0,2020-03-16
Flow_integral,,1503625.0,2020-03-16
Manual_reading,0.0,1503626.0,2020-03-16
RTU_totaliser,1.871,1503627.0,2020-03-16
Flow_integral,6.517,1503628.0,2020-03-16
Manual_reading,,1503629.0,2020-03-16
RTU_totaliser,,1503630.0,2020-03-16
Flow_integral,,1503631.0,2020-03-16
Manual_reading,0.0,1503632.0,2020-03-16
RTU_totaliser,1.23,1503633.0,2020-03-16
Flow_integral,0.32799999999999996,1503634.0,2020-03-16
Manual_reading,,1503635.0,2020-03-16
RTU_totaliser,0.0,1503636.0,2020-03-16
Flow_integral,0.632,1503637.0,2020-03-16
Manual_reading,,1503638.0,2020-03-16
RTU_totaliser,0.0,1503639.0,2020-03-16
Flow_integral,0.0,1503640.0,2020-03-16
Manual_reading,,1503641.0,2020-03-16
RTU_totaliser,13.352,1503642.0,2020-03-16
Flow_integral,12.615,1503643.0,2020-03-16
Manual_reading,,1503644.0,2020-03-16
RTU_totaliser,0.0,1503645.0,2020-03-16
Flow_integral,0.0,1503646.0,2020-03-16
Manual_reading,,1503647.0,2020-03-16
RTU_totaliser,0.0,1503648.0,2020-03-16
Flow_integral,0.0,1503649.0,2020-03-16
Manual_reading,,1503650.0,2020-03-16
RTU_totaliser,0.0,1503651.0,2020-03-16
Flow_integral,0.0,1503652.0,2020-03-16
Manual_reading,,1503653.0,2020-03-16
RTU_totaliser,3.5839999999999996,1503654.0,2020-03-16
Flow_integral,5.131,1503655.0,2020-03-16
Manual_reading,,1503656.0,2020-03-16
RTU_totaliser,2.519,1503657.0,2020-03-16
Flow_integral,3.795,1503658.0,2020-03-16
Manual_reading,,1503659.0,2020-03-16
RTU_totaliser,,1503660.0,2020-03-16
Flow_integral,,1503661.0,2020-03-16
Manual_reading,0.0,1503662.0,2020-03-16
RTU_totaliser,0.0,1503663.0,2020-03-16
Flow_integral,0.0,1503664.0,2020-03-16
Manual_reading,,1503665.0,2020-03-16
RTU_totaliser,,1503666.0,2020-03-16
Flow_integral,,1503667.0,2020-03-16
Manual_reading,9.0,1503668.0,2020-03-16
RTU_totaliser,0.0,1503669.0,2020-03-16
Flow_integral,0.0,1503670.0,2020-03-16
Manual_reading,,1503671.0,2020-03-16
RTU_totaliser,,1503672.0,2020-03-16
Flow_integral,,1503673.0,2020-03-16
Manual_reading,0.0,1503674.0,2020-03-16
RTU_totaliser,,1503675.0,2020-03-16
Flow_integral,,1503676.0,2020-03-16
Manual_reading,0.0,1503677.0,2020-03-16
RTU_totaliser,5.962999999999999,1503678.0,2020-03-16
Flow_integral,14.197000000000001,1503679.0,2020-03-16
Manual_reading,,1503680.0,2020-03-16
RTU_totaliser,0.0,1503681.0,2020-03-16
Flow_integral,0.0,1503682.0,2020-03-16
Manual_reading,,1503683.0,2020-03-16
RTU_totaliser,,1503684.0,2020-03-16
Flow_integral,,1503685.0,2020-03-16
Manual_reading,0.0,1503686.0,2020-03-16
RTU_totaliser,0.0,1503687.0,2020-03-16
Flow_integral,0.0,1503688.0,2020-03-16
Manual_reading,,1503689.0,2020-03-16
RTU_totaliser,,1503690.0,2020-03-16
Flow_integral,,1503691.0,2020-03-16
Manual_reading,0.0,1503692.0,2020-03-16
RTU_totaliser,0.01,1503693.0,2020-03-16
Flow_integral,0.6579999999999999,1503694.0,2020-03-16
Manual_reading,,1503695.0,2020-03-16
RTU_totaliser,0.34299999999999997,1503696.0,2020-03-16
Flow_integral,1.761,1503697.0,2020-03-16
Manual_reading,,1503698.0,2020-03-16
RTU_totaliser,2.324,1503699.0,2020-03-16
Flow_integral,4.082,1503700.0,2020-03-16
Manual_reading,,1503701.0,2020-03-16
RTU_totaliser,6.256,1503702.0,2020-03-16
Flow_integral,9.312999999999999,1503703.0,2020-03-16
Manual_reading,,1503704.0,2020-03-16
RTU_totaliser,1.692,1503705.0,2020-03-16
Flow_integral,3.918,1503706.0,2020-03-16
Manual_reading,,1503707.0,2020-03-16
RTU_totaliser,1.389,1503708.0,2020-03-16
Flow_integral,3.478,1503709.0,2020-03-16
Manual_reading,,1503710.0,2020-03-16
RTU_totaliser,0.0,1503711.0,2020-03-16
Flow_integral,0.0,1503712.0,2020-03-16
Manual_reading,,1503713.0,2020-03-16
RTU_totaliser,5.269,1503714.0,2020-03-16
Flow_integral,6.8,1503715.0,2020-03-16
Manual_reading,,1503716.0,2020-03-16
RTU_totaliser,0.0,1503717.0,2020-03-16
Flow_integral,0.0,1503718.0,2020-03-16
Manual_reading,,1503719.0,2020-03-16
RTU_totaliser,0.0,1503720.0,2020-03-16
Flow_integral,0.0,1503721.0,2020-03-16
Manual_reading,,1503722.0,2020-03-16
RTU_totaliser,0.0,1503723.0,2020-03-16
Flow_integral,0.0,1503724.0,2020-03-16
Manual_reading,,1503725.0,2020-03-16
RTU_totaliser,2.9819999999999998,1503726.0,2020-03-16
Flow_integral,3.0610000000000004,1503727.0,2020-03-16
Manual_reading,,1503728.0,2020-03-16
RTU_totaliser,4.7,1503729.0,2020-03-16
Flow_integral,8.686,1503730.0,2020-03-16
Manual_reading,,1503731.0,2020-03-16
RTU_totaliser,2.6,1503732.0,2020-03-16
Flow_integral,5.271,1503733.0,2020-03-16
Manual_reading,,1503734.0,2020-03-16
RTU_totaliser,2.6510000000000002,1503735.0,2020-03-16
Flow_integral,3.248,1503736.0,2020-03-16
Manual_reading,,1503737.0,2020-03-16
RTU_totaliser,4.226,1503738.0,2020-03-16
Flow_integral,4.268,1503739.0,2020-03-16
Manual_reading,,1503740.0,2020-03-16
RTU_totaliser,0.0,1503741.0,2020-03-16
Flow_integral,0.20199999999999999,1503742.0,2020-03-16
Manual_reading,,1503743.0,2020-03-16
RTU_totaliser,,1503744.0,2020-03-16
Flow_integral,,1503745.0,2020-03-16
Manual_reading,0.0,1503746.0,2020-03-16
RTU_totaliser,2.286,1503747.0,2020-03-16
Flow_integral,2.923,1503748.0,2020-03-16
Manual_reading,,1503749.0,2020-03-16
RTU_totaliser,3.556,1503750.0,2020-03-16
Flow_integral,6.197,1503751.0,2020-03-16
Manual_reading,,1503752.0,2020-03-16
RTU_totaliser,0.0,1503753.0,2020-03-16
Flow_integral,0.0,1503754.0,2020-03-16
Manual_reading,,1503755.0,2020-03-16
RTU_totaliser,3.659,1503756.0,2020-03-16
Flow_integral,7.795,1503757.0,2020-03-16
Manual_reading,,1503758.0,2020-03-16
RTU_totaliser,3.096,1503759.0,2020-03-16
Flow_integral,5.229,1503760.0,2020-03-16
Manual_reading,,1503761.0,2020-03-16
RTU_totaliser,,1503762.0,2020-03-16
Flow_integral,,1503763.0,2020-03-16
Manual_reading,0.0,1503764.0,2020-03-16
RTU_totaliser,6.9670000000000005,1503765.0,2020-03-16
Flow_integral,7.121,1503766.0,2020-03-16
Manual_reading,,1503767.0,2020-03-16
RTU_totaliser,,1503768.0,2020-03-16
Flow_integral,,1503769.0,2020-03-16
Manual_reading,0.0,1503770.0,2020-03-16
RTU_totaliser,4.382,1503771.0,2020-03-16
Flow_integral,6.007000000000001,1503772.0,2020-03-16
Manual_reading,,1503773.0,2020-03-16
RTU_totaliser,2.861,1503774.0,2020-03-16
Flow_integral,2.6430000000000002,1503775.0,2020-03-16
Manual_reading,,1503776.0,2020-03-16
RTU_totaliser,0.0,1503777.0,2020-03-16
Flow_integral,0.0,1503778.0,2020-03-16
Manual_reading,,1503779.0,2020-03-16
RTU_totaliser,0.132,1503780.0,2020-03-16
Flow_integral,0.0,1503781.0,2020-03-16
Manual_reading,,1503782.0,2020-03-16
RTU_totaliser,,1503783.0,2020-03-16
Flow_integral,,1503784.0,2020-03-16
Manual_reading,0.0,1503785.0,2020-03-16
RTU_totaliser,0.008,1503786.0,2020-03-16
Flow_integral,0.28300000000000003,1503787.0,2020-03-16
Manual_reading,,1503788.0,2020-03-16
RTU_totaliser,4.007,1503789.0,2020-03-16
Flow_integral,6.2620000000000005,1503790.0,2020-03-16
Manual_reading,,1503791.0,2020-03-16
RTU_totaliser,,1503792.0,2020-03-16
Flow_integral,,1503793.0,2020-03-16
Manual_reading,0.0,1503794.0,2020-03-16
RTU_totaliser,2.068,1503795.0,2020-03-16
Flow_integral,2.638,1503796.0,2020-03-16
Manual_reading,,1503797.0,2020-03-16
RTU_totaliser,1.311,1503798.0,2020-03-16
Flow_integral,3.09,1503799.0,2020-03-16
Manual_reading,,1503800.0,2020-03-16
RTU_totaliser,1.899,1503801.0,2020-03-16
Flow_integral,3.1260000000000003,1503802.0,2020-03-16
Manual_reading,,1503803.0,2020-03-16
RTU_totaliser,0.17,1503804.0,2020-03-16
Flow_integral,1.426,1503805.0,2020-03-16
Manual_reading,,1503806.0,2020-03-16
RTU_totaliser,3.3,1503807.0,2020-03-16
Flow_integral,3.373,1503808.0,2020-03-16
Manual_reading,,1503809.0,2020-03-16
RTU_totaliser,1.703,1503810.0,2020-03-16
Flow_integral,3.023,1503811.0,2020-03-16
Manual_reading,,1503812.0,2020-03-16
RTU_totaliser,0.0,1503813.0,2020-03-16
Flow_integral,0.0,1503814.0,2020-03-16
Manual_reading,,1503815.0,2020-03-16
RTU_totaliser,0.0,1503816.0,2020-03-16
Flow_integral,0.0,1503817.0,2020-03-16
Manual_reading,,1503818.0,2020-03-16
RTU_totaliser,,1503819.0,2020-03-16
Flow_integral,,1503820.0,2020-03-16
Manual_reading,0.0,1503821.0,2020-03-16
RTU_totaliser,,1503822.0,2020-03-16
Flow_integral,,1503823.0,2020-03-16
Manual_reading,0.0,1503824.0,2020-03-16
RTU_totaliser,,1503825.0,2020-03-16
Flow_integral,,1503826.0,2020-03-16
Manual_reading,0.0,1503827.0,2020-03-16
RTU_totaliser,12.8,1503828.0,2020-03-16
Flow_integral,13.064,1503829.0,2020-03-16
Manual_reading,,1503830.0,2020-03-16
RTU_totaliser,3.275,1503831.0,2020-03-16
Flow_integral,9.094,1503832.0,2020-03-16
Manual_reading,,1503833.0,2020-03-16
RTU_totaliser,6.6,1503834.0,2020-03-16
Flow_integral,5.829,1503835.0,2020-03-16
Manual_reading,,1503836.0,2020-03-16
RTU_totaliser,4.6,1503837.0,2020-03-16
Flow_integral,6.676,1503838.0,2020-03-16
Manual_reading,,1503839.0,2020-03-16
RTU_totaliser,0.0,1503840.0,2020-03-16
Flow_integral,0.0,1503841.0,2020-03-16
Manual_reading,,1503842.0,2020-03-16
RTU_totaliser,0.0,1503843.0,2020-03-16
Flow_integral,0.0,1503844.0,2020-03-16
Manual_reading,,1503845.0,2020-03-16
RTU_totaliser,0.6,1503846.0,2020-03-16
Flow_integral,0.499,1503847.0,2020-03-16
Manual_reading,,1503848.0,2020-03-16
RTU_totaliser,,1503849.0,2020-03-16
Flow_integral,,1503850.0,2020-03-16
Manual_reading,0.0,1503851.0,2020-03-16
RTU_totaliser,1.5759999999999998,1503852.0,2020-03-16
Flow_integral,1.649,1503853.0,2020-03-16
Manual_reading,,1503854.0,2020-03-16
RTU_totaliser,5.6,1503855.0,2020-03-16
Flow_integral,5.843,1503856.0,2020-03-16
Manual_reading,,1503857.0,2020-03-16
RTU_totaliser,,1503858.0,2020-03-16
Flow_integral,,1503859.0,2020-03-16
Manual_reading,0.0,1503860.0,2020-03-16
RTU_totaliser,1.3630000000000002,1503861.0,2020-03-16
Flow_integral,0.8690000000000001,1503862.0,2020-03-16
Manual_reading,,1503863.0,2020-03-16
RTU_totaliser,,1503864.0,2020-03-16
Flow_integral,,1503865.0,2020-03-16
Manual_reading,,1503866.0,2020-03-16
RTU_totaliser,0.0,1503867.0,2020-03-16
Flow_integral,0.0,1503868.0,2020-03-16
Manual_reading,,1503869.0,2020-03-16
RTU_totaliser,1.3,1503870.0,2020-03-16
Flow_integral,1.4880000000000002,1503871.0,2020-03-16
Manual_reading,,1503872.0,2020-03-16
RTU_totaliser,,1503873.0,2020-03-16
Flow_integral,,1503874.0,2020-03-16
Manual_reading,0.0,1503875.0,2020-03-16
RTU_totaliser,,1503876.0,2020-03-16
Flow_integral,,1503877.0,2020-03-16
Manual_reading,0.0,1503878.0,2020-03-16
RTU_totaliser,1.9,1503879.0,2020-03-16
Flow_integral,2.728,1503880.0,2020-03-16
Manual_reading,,1503881.0,2020-03-16
RTU_totaliser,2.2,1503882.0,2020-03-16
Flow_integral,2.082,1503883.0,2020-03-16
Manual_reading,,1503884.0,2020-03-16
RTU_totaliser,,1503885.0,2020-03-16
Flow_integral,,1503886.0,2020-03-16
Manual_reading,0.0,1503887.0,2020-03-16
RTU_totaliser,0.0,1503888.0,2020-03-16
Flow_integral,0.0,1503889.0,2020-03-16
Manual_reading,,1503890.0,2020-03-16
RTU_totaliser,0.0,1503891.0,2020-03-16
Flow_integral,0.541,1503892.0,2020-03-16
Manual_reading,,1503893.0,2020-03-16
RTU_totaliser,0.0,1503894.0,2020-03-16
Flow_integral,0.0,1503895.0,2020-03-16
Manual_reading,,1503896.0,2020-03-16
RTU_totaliser,,1503897.0,2020-03-16
Flow_integral,,1503898.0,2020-03-16
Manual_reading,,1503899.0,2020-03-16
RTU_totaliser,0.0,1503900.0,2020-03-16
Flow_integral,0.0,1503901.0,2020-03-16
Manual_reading,,1503902.0,2020-03-16
RTU_totaliser,,1503903.0,2020-03-16
Flow_integral,,1503904.0,2020-03-16
Manual_reading,0.0,1503905.0,2020-03-16
RTU_totaliser,,1503906.0,2020-03-16
Flow_integral,,1503907.0,2020-03-16
Manual_reading,0.0,1503908.0,2020-03-16
RTU_totaliser,0.0,1503909.0,2020-03-16
Flow_integral,0.0,1503910.0,2020-03-16
Manual_reading,,1503911.0,2020-03-16
RTU_totaliser,0.0,1503912.0,2020-03-16
Flow_integral,0.0,1503913.0,2020-03-16
Manual_reading,,1503914.0,2020-03-16
RTU_totaliser,0.0,1503915.0,2020-03-16
Flow_integral,0.0,1503916.0,2020-03-16
Manual_reading,,1503917.0,2020-03-16
RTU_totaliser,,1503918.0,2020-03-16
Flow_integral,,1503919.0,2020-03-16
Manual_reading,1.9,1503920.0,2020-03-16
RTU_totaliser,0.0,1503921.0,2020-03-16
Flow_integral,0.0,1503922.0,2020-03-16
Manual_reading,,1503923.0,2020-03-16
RTU_totaliser,2.9810000000000003,1503924.0,2020-03-16
Flow_integral,2.978,1503925.0,2020-03-16
Manual_reading,,1503926.0,2020-03-16
RTU_totaliser,0.0,1503927.0,2020-03-16
Flow_integral,0.0,1503928.0,2020-03-16
Manual_reading,,1503929.0,2020-03-16
RTU_totaliser,0.0,1503930.0,2020-03-16
Flow_integral,0.0,1503931.0,2020-03-16
Manual_reading,,1503932.0,2020-03-16
RTU_totaliser,0.004,1503933.0,2020-03-16
Flow_integral,0.037000000000000005,1503934.0,2020-03-16
Manual_reading,,1503935.0,2020-03-16
RTU_totaliser,0.0,1503936.0,2020-03-16
Flow_integral,0.0,1503937.0,2020-03-16
Manual_reading,,1503938.0,2020-03-16
RTU_totaliser,0.011000000000000001,1503939.0,2020-03-16
Flow_integral,0.377,1503940.0,2020-03-16
Manual_reading,,1503941.0,2020-03-16
RTU_totaliser,34.086,1503942.0,2020-03-16
Flow_integral,34.229,1503943.0,2020-03-16
Manual_reading,,1503944.0,2020-03-16
RTU_totaliser,0.531,1503945.0,2020-03-16
Flow_integral,0.172,1503946.0,2020-03-16
Manual_reading,,1503947.0,2020-03-16
RTU_totaliser,0.0,1503948.0,2020-03-16
Flow_integral,0.0,1503949.0,2020-03-16
Manual_reading,,1503950.0,2020-03-16
RTU_totaliser,0.0,1503951.0,2020-03-16
Flow_integral,0.0,1503952.0,2020-03-16
Manual_reading,,1503953.0,2020-03-16
RTU_totaliser,0.0,1503954.0,2020-03-16
Flow_integral,0.0,1503955.0,2020-03-16
Manual_reading,,1503956.0,2020-03-16
RTU_totaliser,0.0,1503957.0,2020-03-16
Flow_integral,0.0,1503958.0,2020-03-16
Manual_reading,,1503959.0,2020-03-16
RTU_totaliser,0.0,1503960.0,2020-03-16
Flow_integral,0.0,1503961.0,2020-03-16
Manual_reading,,1503962.0,2020-03-16
RTU_totaliser,,1503963.0,2020-03-16
Flow_integral,,1503964.0,2020-03-16
Manual_reading,0.0,1503965.0,2020-03-16
RTU_totaliser,0.0,1503966.0,2020-03-16
Flow_integral,0.0,1503967.0,2020-03-16
Manual_reading,,1503968.0,2020-03-16
RTU_totaliser,0.0,1503969.0,2020-03-16
Flow_integral,0.0,1503970.0,2020-03-16
Manual_reading,,1503971.0,2020-03-16
RTU_totaliser,64.661,1503972.0,2020-03-16
Flow_integral,86.738,1503973.0,2020-03-16
Manual_reading,,1503974.0,2020-03-16
RTU_totaliser,0.055999999999999994,1503975.0,2020-03-16
Flow_integral,0.0,1503976.0,2020-03-16
Manual_reading,,1503977.0,2020-03-16
RTU_totaliser,0.0,1503978.0,2020-03-16
Flow_integral,0.0,1503979.0,2020-03-16
Manual_reading,,1503980.0,2020-03-16
RTU_totaliser,,1503981.0,2020-03-16
Flow_integral,,1503982.0,2020-03-16
Manual_reading,0.0,1503983.0,2020-03-16
RTU_totaliser,0.0,1503984.0,2020-03-16
Flow_integral,0.0,1503985.0,2020-03-16
Manual_reading,,1503986.0,2020-03-16
RTU_totaliser,,1503987.0,2020-03-16
Flow_integral,,1503988.0,2020-03-16
Manual_reading,,1503989.0,2020-03-16
RTU_totaliser,,1503990.0,2020-03-16
Flow_integral,,1503991.0,2020-03-16
Manual_reading,0.0,1503992.0,2020-03-16
RTU_totaliser,,1503993.0,2020-03-16
Flow_integral,,1503994.0,2020-03-16
Manual_reading,0.0,1503995.0,2020-03-16
RTU_totaliser,,1503996.0,2020-03-16
Flow_integral,,1503997.0,2020-03-16
Manual_reading,19.7,1503998.0,2020-03-16
RTU_totaliser,,1503999.0,2020-03-16
Flow_integral,,1504000.0,2020-03-16
Manual_reading,2.5,1504001.0,2020-03-16
RTU_totaliser,,1504002.0,2020-03-16
Flow_integral,,1504003.0,2020-03-16
Manual_reading,8.3,1504004.0,2020-03-16
RTU_totaliser,0.0,1504005.0,2020-03-16
Flow_integral,0.0,1504006.0,2020-03-16
Manual_reading,,1504007.0,2020-03-16
RTU_totaliser,65.298,1504008.0,2020-03-16
Flow_integral,63.213,1504009.0,2020-03-16
Manual_reading,,1504010.0,2020-03-16
RTU_totaliser,,1504011.0,2020-03-16
Flow_integral,,1504012.0,2020-03-16
Manual_reading,0.0,1504013.0,2020-03-16
RTU_totaliser,,1504014.0,2020-03-16
Flow_integral,,1504015.0,2020-03-16
Manual_reading,0.0,1504016.0,2020-03-16
RTU_totaliser,,1504017.0,2020-03-16
Flow_integral,,1504018.0,2020-03-16
Manual_reading,0.0,1504019.0,2020-03-16
RTU_totaliser,,1504020.0,2020-03-16
Flow_integral,,1504021.0,2020-03-16
Manual_reading,0.0,1504022.0,2020-03-16
RTU_totaliser,7.905,1504023.0,2020-03-16
Flow_integral,10.937999999999999,1504024.0,2020-03-16
Manual_reading,,1504025.0,2020-03-16
RTU_totaliser,0.0,1504026.0,2020-03-16
Flow_integral,0.0,1504027.0,2020-03-16
Manual_reading,,1504028.0,2020-03-16
RTU_totaliser,0.0,1504029.0,2020-03-16
Flow_integral,0.0,1504030.0,2020-03-16
Manual_reading,,1504031.0,2020-03-16
RTU_totaliser,,1504032.0,2020-03-16
Flow_integral,,1504033.0,2020-03-16
Manual_reading,26.5,1504034.0,2020-03-16
RTU_totaliser,15.4,1504035.0,2020-03-16
Flow_integral,15.001,1504036.0,2020-03-16
Manual_reading,,1504037.0,2020-03-16
RTU_totaliser,28.8,1504038.0,2020-03-16
Flow_integral,32.782,1504039.0,2020-03-16
Manual_reading,,1504040.0,2020-03-16
RTU_totaliser,0.0,1504041.0,2020-03-16
Flow_integral,0.0,1504042.0,2020-03-16
Manual_reading,,1504043.0,2020-03-16
RTU_totaliser,,1504044.0,2020-03-16
Flow_integral,,1504045.0,2020-03-16
Manual_reading,0.0,1504046.0,2020-03-16
RTU_totaliser,0.0,1504047.0,2020-03-16
Flow_integral,0.0,1504048.0,2020-03-16
Manual_reading,,1504049.0,2020-03-16
RTU_totaliser,,1504050.0,2020-03-16
Flow_integral,,1504051.0,2020-03-16
Manual_reading,2.0,1504052.0,2020-03-16
RTU_totaliser,,1504053.0,2020-03-16
Flow_integral,,1504054.0,2020-03-16
Manual_reading,2.0,1504055.0,2020-03-16
RTU_totaliser,2.2640000000000002,1504056.0,2020-03-16
Flow_integral,4.626,1504057.0,2020-03-16
Manual_reading,,1504058.0,2020-03-16
RTU_totaliser,44.835,1504059.0,2020-03-16
Flow_integral,41.424,1504060.0,2020-03-16
Manual_reading,,1504061.0,2020-03-16
RTU_totaliser,0.0,1504062.0,2020-03-16
Flow_integral,0.0,1504063.0,2020-03-16
Manual_reading,,1504064.0,2020-03-16
RTU_totaliser,3.1,1504065.0,2020-03-16
Flow_integral,4.537,1504066.0,2020-03-16
Manual_reading,,1504067.0,2020-03-16
RTU_totaliser,0.0,1504068.0,2020-03-16
Flow_integral,0.17300000000000001,1504069.0,2020-03-16
Manual_reading,,1504070.0,2020-03-16
RTU_totaliser,0.1,1504071.0,2020-03-16
Flow_integral,2.335,1504072.0,2020-03-16
Manual_reading,,1504073.0,2020-03-16
RTU_totaliser,,1504074.0,2020-03-16
Flow_integral,,1504075.0,2020-03-16
Manual_reading,0.0,1504076.0,2020-03-16
RTU_totaliser,0.0,1504077.0,2020-03-16
Flow_integral,0.036000000000000004,1504078.0,2020-03-16
Manual_reading,,1504079.0,2020-03-16
RTU_totaliser,1.0,1504080.0,2020-03-16
Flow_integral,2.693,1504081.0,2020-03-16
Manual_reading,,1504082.0,2020-03-16
RTU_totaliser,6.3,1504083.0,2020-03-16
Flow_integral,6.189,1504084.0,2020-03-16
Manual_reading,,1504085.0,2020-03-16
RTU_totaliser,0.9,1504086.0,2020-03-16
Flow_integral,0.951,1504087.0,2020-03-16
Manual_reading,,1504088.0,2020-03-16
RTU_totaliser,,1504089.0,2020-03-16
Flow_integral,,1504090.0,2020-03-16
Manual_reading,3.9,1504091.0,2020-03-16
RTU_totaliser,14.4,1504092.0,2020-03-16
Flow_integral,14.34,1504093.0,2020-03-16
Manual_reading,,1504094.0,2020-03-16
RTU_totaliser,0.1,1504095.0,2020-03-16
Flow_integral,4.371,1504096.0,2020-03-16
Manual_reading,,1504097.0,2020-03-16
RTU_totaliser,,1504098.0,2020-03-16
Flow_integral,,1504099.0,2020-03-16
Manual_reading,0.0,1504100.0,2020-03-16
RTU_totaliser,,1504101.0,2020-03-16
Flow_integral,,1504102.0,2020-03-16
Manual_reading,0.0,1504103.0,2020-03-16
RTU_totaliser,0.0,1504104.0,2020-03-16
Flow_integral,0.0,1504105.0,2020-03-16
Manual_reading,,1504106.0,2020-03-16
RTU_totaliser,3.0,1504107.0,2020-03-16
Flow_integral,3.352,1504108.0,2020-03-16
Manual_reading,,1504109.0,2020-03-16
RTU_totaliser,0.0,1504110.0,2020-03-16
Flow_integral,0.0,1504111.0,2020-03-16
Manual_reading,,1504112.0,2020-03-16
RTU_totaliser,0.7,1504113.0,2020-03-16
Flow_integral,0.401,1504114.0,2020-03-16
Manual_reading,,1504115.0,2020-03-16
RTU_totaliser,0.0,1504116.0,2020-03-16
Flow_integral,0.0,1504117.0,2020-03-16
Manual_reading,,1504118.0,2020-03-16
RTU_totaliser,3.7,1504119.0,2020-03-16
Flow_integral,5.334,1504120.0,2020-03-16
Manual_reading,,1504121.0,2020-03-16
RTU_totaliser,0.0,1504122.0,2020-03-16
Flow_integral,0.0,1504123.0,2020-03-16
Manual_reading,,1504124.0,2020-03-16
RTU_totaliser,0.0,1504125.0,2020-03-16
Flow_integral,0.0,1504126.0,2020-03-16
Manual_reading,,1504127.0,2020-03-16
RTU_totaliser,,1504128.0,2020-03-16
Flow_integral,,1504129.0,2020-03-16
Manual_reading,0.0,1504130.0,2020-03-16
RTU_totaliser,17.858,1504131.0,2020-03-16
Flow_integral,21.93,1504132.0,2020-03-16
Manual_reading,,1504133.0,2020-03-16
RTU_totaliser,17.8,1504134.0,2020-03-16
Flow_integral,18.963,1504135.0,2020-03-16
Manual_reading,,1504136.0,2020-03-16
RTU_totaliser,,1504137.0,2020-03-16
Flow_integral,,1504138.0,2020-03-16
Manual_reading,0.0,1504139.0,2020-03-16
RTU_totaliser,197.998,1504140.0,2020-03-16
Flow_integral,199.541,1504141.0,2020-03-16
Manual_reading,,1504142.0,2020-03-16
RTU_totaliser,5.454,1504143.0,2020-03-16
Flow_integral,6.994,1504144.0,2020-03-16
Manual_reading,,1504145.0,2020-03-16
RTU_totaliser,0.0,1504146.0,2020-03-16
Flow_integral,0.0,1504147.0,2020-03-16
Manual_reading,,1504148.0,2020-03-16
RTU_totaliser,,1504149.0,2020-03-16
Flow_integral,,1504150.0,2020-03-16
Manual_reading,,1504151.0,2020-03-16
RTU_totaliser,15.509,1504152.0,2020-03-16
Flow_integral,19.694000000000003,1504153.0,2020-03-16
Manual_reading,,1504154.0,2020-03-16
RTU_totaliser,,1504155.0,2020-03-16
Flow_integral,,1504156.0,2020-03-16
Manual_reading,0.0,1504157.0,2020-03-16
RTU_totaliser,2.7,1504158.0,2020-03-16
Flow_integral,4.596,1504159.0,2020-03-16
Manual_reading,,1504160.0,2020-03-16
RTU_totaliser,12.232000000000001,1504161.0,2020-03-16
Flow_integral,18.685,1504162.0,2020-03-16
Manual_reading,,1504163.0,2020-03-16
RTU_totaliser,141.815,1504164.0,2020-03-16
Flow_integral,146.643,1504165.0,2020-03-16
Manual_reading,,1504166.0,2020-03-16
RTU_totaliser,0.0,1504167.0,2020-03-16
Flow_integral,0.0,1504168.0,2020-03-16
Manual_reading,,1504169.0,2020-03-16
RTU_totaliser,0.3,1504170.0,2020-03-16
Flow_integral,1.7269999999999999,1504171.0,2020-03-16
Manual_reading,,1504172.0,2020-03-16
RTU_totaliser,3.4,1504173.0,2020-03-16
Flow_integral,4.993,1504174.0,2020-03-16
Manual_reading,,1504175.0,2020-03-16
RTU_totaliser,7.031000000000001,1504176.0,2020-03-16
Flow_integral,11.213,1504177.0,2020-03-16
Manual_reading,,1504178.0,2020-03-16
RTU_totaliser,11.4,1504179.0,2020-03-16
Flow_integral,11.927999999999999,1504180.0,2020-03-16
Manual_reading,,1504181.0,2020-03-16
RTU_totaliser,3.7,1504182.0,2020-03-16
Flow_integral,5.632999999999999,1504183.0,2020-03-16
Manual_reading,,1504184.0,2020-03-16
RTU_totaliser,3.6,1504185.0,2020-03-16
Flow_integral,9.272,1504186.0,2020-03-16
Manual_reading,,1504187.0,2020-03-16
RTU_totaliser,9.6,1504188.0,2020-03-16
Flow_integral,8.877,1504189.0,2020-03-16
Manual_reading,,1504190.0,2020-03-16
RTU_totaliser,23.5,1504191.0,2020-03-16
Flow_integral,23.737,1504192.0,2020-03-16
Manual_reading,,1504193.0,2020-03-16
RTU_totaliser,5.8,1504194.0,2020-03-16
Flow_integral,7.399,1504195.0,2020-03-16
Manual_reading,,1504196.0,2020-03-16
RTU_totaliser,1.4,1504197.0,2020-03-16
Flow_integral,1.4780000000000002,1504198.0,2020-03-16
Manual_reading,,1504199.0,2020-03-16
RTU_totaliser,0.0,1504200.0,2020-03-16
Flow_integral,0.0,1504201.0,2020-03-16
Manual_reading,,1504202.0,2020-03-16
RTU_totaliser,16.1,1504203.0,2020-03-16
Flow_integral,16.507,1504204.0,2020-03-16
Manual_reading,,1504205.0,2020-03-16
RTU_totaliser,0.0,1504206.0,2020-03-16
Flow_integral,0.001,1504207.0,2020-03-16
Manual_reading,,1504208.0,2020-03-16
RTU_totaliser,,1504209.0,2020-03-16
Flow_integral,,1504210.0,2020-03-16
Manual_reading,0.0,1504211.0,2020-03-16
RTU_totaliser,7.3,1504212.0,2020-03-16
Flow_integral,15.353,1504213.0,2020-03-16
Manual_reading,,1504214.0,2020-03-16
RTU_totaliser,37.414,1504215.0,2020-03-16
Flow_integral,19.202,1504216.0,2020-03-16
Manual_reading,,1504217.0,2020-03-16
RTU_totaliser,3.148,1504218.0,2020-03-16
Flow_integral,1.776,1504219.0,2020-03-16
Manual_reading,,1504220.0,2020-03-16
RTU_totaliser,30.8,1504221.0,2020-03-16
Flow_integral,26.788,1504222.0,2020-03-16
Manual_reading,,1504223.0,2020-03-16
RTU_totaliser,0.0,1504224.0,2020-03-16
Flow_integral,0.0,1504225.0,2020-03-16
Manual_reading,,1504226.0,2020-03-16
RTU_totaliser,80.03,1504227.0,2020-03-16
Flow_integral,79.197,1504228.0,2020-03-16
Manual_reading,,1504229.0,2020-03-16
RTU_totaliser,86.101,1504230.0,2020-03-16
Flow_integral,86.588,1504231.0,2020-03-16
Manual_reading,,1504232.0,2020-03-16
RTU_totaliser,50.963,1504233.0,2020-03-16
Flow_integral,50.066,1504234.0,2020-03-16
Manual_reading,,1504235.0,2020-03-16
RTU_totaliser,102.899,1504236.0,2020-03-16
Flow_integral,102.98,1504237.0,2020-03-16
Manual_reading,,1504238.0,2020-03-16
RTU_totaliser,0.0,1504239.0,2020-03-16
Flow_integral,0.040999999999999995,1504240.0,2020-03-16
Manual_reading,,1504241.0,2020-03-16
RTU_totaliser,208.824,1504242.0,2020-03-16
Flow_integral,208.208,1504243.0,2020-03-16
Manual_reading,,1504244.0,2020-03-16
RTU_totaliser,,1504245.0,2020-03-16
Flow_integral,,1504246.0,2020-03-16
Manual_reading,0.0,1504247.0,2020-03-16
RTU_totaliser,,1504248.0,2020-03-16
Flow_integral,,1504249.0,2020-03-16
Manual_reading,0.0,1504250.0,2020-03-16
RTU_totaliser,186.238,1504251.0,2020-03-16
Flow_integral,186.358,1504252.0,2020-03-16
Manual_reading,,1504253.0,2020-03-16
RTU_totaliser,0.0,1504254.0,2020-03-16
Flow_integral,0.0,1504255.0,2020-03-16
Manual_reading,,1504256.0,2020-03-16
RTU_totaliser,0.0,1504257.0,2020-03-16
Flow_integral,0.0,1504258.0,2020-03-16
Manual_reading,,1504259.0,2020-03-16
RTU_totaliser,0.047,1504260.0,2020-03-16
Flow_integral,0.0,1504261.0,2020-03-16
Manual_reading,,1504262.0,2020-03-16
RTU_totaliser,168.701,1504263.0,2020-03-16
Flow_integral,161.009,1504264.0,2020-03-16
Manual_reading,,1504265.0,2020-03-16
RTU_totaliser,0.0,1504266.0,2020-03-16
Flow_integral,0.0,1504267.0,2020-03-16
Manual_reading,,1504268.0,2020-03-16
RTU_totaliser,,1504269.0,2020-03-16
Flow_integral,,1504270.0,2020-03-16
Manual_reading,0.0,1504271.0,2020-03-16
RTU_totaliser,0.0,1504272.0,2020-03-16
Flow_integral,0.0,1504273.0,2020-03-16
Manual_reading,,1504274.0,2020-03-16
RTU_totaliser,0.0,1504275.0,2020-03-16
Flow_integral,0.0,1504276.0,2020-03-16
Manual_reading,,1504277.0,2020-03-16
RTU_totaliser,0.0,1504278.0,2020-03-16
Flow_integral,0.0,1504279.0,2020-03-16
Manual_reading,,1504280.0,2020-03-16
Calculation_time,2020-04-29 14:19:00,1503617.0,2020-03-16
